tarea,modelo,balanceo,optimizador,fold_externo,accuracy,precision,recall,f1,auc,score_interno,n_evaluaciones,tiempo_seg,mejores_hiperparametros,semilla
clasificacion,Random Forest,SMOTE,Grid Search,2,0.825187969924812,0.536036036036036,0.5891089108910891,0.5613207547169812,0.8472152029588109,0.8524649970982231,24,215.623,"{'max_depth': 25, 'max_features': 'sqrt', 'min_samples_leaf': 1, 'n_estimators': 500}",44
clasificacion,Random Forest,ADASYN,Grid Search,0,0.8374060150375939,0.5578512396694215,0.6716417910447762,0.6094808126410836,0.8844393328836697,0.8405616508592648,24,216.92,"{'max_depth': 25, 'max_features': 'sqrt', 'min_samples_leaf': 1, 'n_estimators': 500}",42
clasificacion,Random Forest,SMOTE,Grid Search,0,0.8355263157894737,0.5560344827586207,0.6417910447761194,0.5958429561200924,0.880484599021117,0.8452792280583189,24,218.612,"{'max_depth': 25, 'max_features': 'sqrt', 'min_samples_leaf': 1, 'n_estimators': 500}",42
clasificacion,Random Forest,SMOTE,Grid Search,3,0.806390977443609,0.4918032786885246,0.594059405940594,0.5381165919282511,0.844527463187154,0.8543633963218401,24,219.223,"{'max_depth': 25, 'max_features': 'sqrt', 'min_samples_leaf': 1, 'n_estimators': 500}",45
clasificacion,Random Forest,SMOTE,Grid Search,4,0.8308270676691729,0.553921568627451,0.5594059405940595,0.5566502463054187,0.8684184833796603,0.8492167270631041,24,219.799,"{'max_depth': 25, 'max_features': 'sqrt', 'min_samples_leaf': 1, 'n_estimators': 500}",46
clasificacion,Random Forest,SMOTE,Grid Search,1,0.8270676691729323,0.5384615384615384,0.6237623762376238,0.5779816513761468,0.8496301486297122,0.8549085149059703,24,220.358,"{'max_depth': 25, 'max_features': 'sqrt', 'min_samples_leaf': 1, 'n_estimators': 500}",43
clasificacion,Random Forest,ADASYN,Grid Search,4,0.8261278195488722,0.5377777777777778,0.599009900990099,0.5667447306791569,0.8662562311915646,0.847553626601985,24,220.665,"{'max_depth': 25, 'max_features': 'sqrt', 'min_samples_leaf': 1, 'n_estimators': 500}",46
clasificacion,Random Forest,ADASYN,Grid Search,2,0.8157894736842105,0.5122950819672131,0.6188118811881188,0.5605381165919282,0.8461900714433392,0.8486390327117007,24,221.016,"{'max_depth': 25, 'max_features': 'sqrt', 'min_samples_leaf': 1, 'n_estimators': 500}",44
clasificacion,Random Forest,ADASYN,Grid Search,3,0.7969924812030075,0.4740740740740741,0.6336633663366337,0.5423728813559322,0.8482920217775838,0.8520491139018995,24,224.762,"{'max_depth': 25, 'max_features': 'sqrt', 'min_samples_leaf': 1, 'n_estimators': 500}",45
clasificacion,Random Forest,ADASYN,Grid Search,1,0.8129699248120301,0.5060240963855421,0.6237623762376238,0.5587583148558758,0.8421469757184536,0.8536658858104312,24,225.156,"{'max_depth': 25, 'max_features': 'sqrt', 'min_samples_leaf': 1, 'n_estimators': 500}",43
clasificacion,Random Forest,SMOTE,Random Search,0,0.8327067669172933,0.545816733067729,0.681592039800995,0.6061946902654868,0.8759966102281178,0.8450683259148336,40,441.717,"{'max_depth': 25, 'max_features': 'sqrt', 'min_samples_leaf': 3, 'n_estimators': 324}",42
clasificacion,Random Forest,SMOTE,Genético,0,0.8345864661654135,0.551440329218107,0.6666666666666666,0.6036036036036037,0.8783746389719997,0.8463691932308676,40,232.733,"{'n_estimators': 271, 'max_depth': 22, 'min_samples_leaf': 2, 'max_features': 'log2'}",42
clasificacion,Random Forest,SMOTE,Random Search,4,0.8261278195488722,0.5374449339207048,0.6039603960396039,0.5687645687645687,0.867310077875537,0.8480942357917621,40,375.11,"{'max_depth': 18, 'max_features': 'log2', 'min_samples_leaf': 1, 'n_estimators': 295}",46
clasificacion,Random Forest,SMOTE,Bayesiano,4,0.8336466165413534,0.5609756097560976,0.5693069306930693,0.5651105651105651,0.8684098688291105,0.8493319953791016,40,374.518,"{'n_estimators': 379, 'max_depth': 25, 'min_samples_leaf': 1, 'max_features': 'log2'}",46
clasificacion,Random Forest,SMOTE,Random Search,1,0.8092105263157895,0.49800796812749004,0.6188118811881188,0.5518763796909493,0.8475224552617674,0.856149013796815,40,388.983,"{'max_depth': 22, 'max_features': 'sqrt', 'min_samples_leaf': 2, 'n_estimators': 253}",43
clasificacion,Random Forest,SMOTE,Bayesiano,2,0.8176691729323309,0.5172413793103449,0.594059405940594,0.5529953917050692,0.848205876272082,0.8533915517385363,40,391.541,"{'n_estimators': 316, 'max_depth': 21, 'min_samples_leaf': 2, 'max_features': 'sqrt'}",44
clasificacion,Random Forest,SMOTE,Bayesiano,0,0.8298872180451128,0.540650406504065,0.6616915422885572,0.5950782997762863,0.8794872681782282,0.8458820160372819,40,401.339,"{'n_estimators': 213, 'max_depth': 25, 'min_samples_leaf': 2, 'max_features': 'log2'}",42
clasificacion,Random Forest,SMOTE,Random Search,2,0.8233082706766918,0.5301724137931034,0.6089108910891089,0.5668202764976958,0.8493688405963566,0.8529364958456319,40,426.999,"{'max_depth': 24, 'max_features': 'log2', 'min_samples_leaf': 2, 'n_estimators': 457}",44
clasificacion,Random Forest,SMOTE,Bayesiano,1,0.8157894736842105,0.5119047619047619,0.6386138613861386,0.5682819383259912,0.8483839103167856,0.8560797537759085,40,445.284,"{'n_estimators': 480, 'max_depth': 20, 'min_samples_leaf': 2, 'max_features': 'log2'}",43
clasificacion,Random Forest,SMOTE,Bayesiano,3,0.7960526315789473,0.47058823529411764,0.594059405940594,0.5251641137855579,0.8431405205485747,0.8554202938875974,40,463.899,"{'n_estimators': 416, 'max_depth': 21, 'min_samples_leaf': 2, 'max_features': 'log2'}",45
clasificacion,Random Forest,SMOTE,Random Search,3,0.7885338345864662,0.4584837545126354,0.6287128712871287,0.5302713987473904,0.8413831522363374,0.8547096546944287,40,497.435,"{'max_depth': 25, 'max_features': 'log2', 'min_samples_leaf': 4, 'n_estimators': 404}",45
clasificacion,Random Forest,SMOTE,Genético,2,0.8195488721804511,0.5210084033613446,0.6138613861386139,0.5636363636363636,0.8477665341940227,0.8532024066295835,40,361.021,"{'n_estimators': 386, 'max_depth': 19, 'min_samples_leaf': 2, 'max_features': 'log2'}",44
clasificacion,Random Forest,SMOTE,Genético,1,0.8120300751879699,0.504,0.6237623762376238,0.5575221238938053,0.8487284923387929,0.8562639215300676,40,385.243,"{'n_estimators': 500, 'max_depth': 22, 'min_samples_leaf': 2, 'max_features': 'sqrt'}",43
clasificacion,Random Forest,SMOTE,Genético,3,0.7866541353383458,0.45454545454545453,0.6188118811881188,0.5241090146750524,0.8417507063931451,0.8549812489939201,40,345.06,"{'n_estimators': 443, 'max_depth': 19, 'min_samples_leaf': 4, 'max_features': 'sqrt'}",45
clasificacion,Random Forest,SMOTE,Genético,4,0.831766917293233,0.5555555555555556,0.5693069306930693,0.5623471882640587,0.8675139555718915,0.8493477512976876,40,400.841,"{'n_estimators': 443, 'max_depth': 25, 'min_samples_leaf': 1, 'max_features': 'sqrt'}",46
clasificacion,Random Forest,ADASYN,Random Search,1,0.8120300751879699,0.5039370078740157,0.6336633663366337,0.5614035087719298,0.8422905515609564,0.8535215495548772,40,395.772,"{'max_depth': 22, 'max_features': 'sqrt', 'min_samples_leaf': 2, 'n_estimators': 253}",43
clasificacion,Random Forest,ADASYN,Random Search,4,0.8167293233082706,0.5130111524163569,0.6831683168316832,0.5859872611464968,0.8629539868139946,0.8471186029795952,40,378.296,"{'max_depth': 15, 'max_features': 'sqrt', 'min_samples_leaf': 2, 'n_estimators': 458}",46
clasificacion,Random Forest,ADASYN,Random Search,0,0.8374060150375939,0.5518518518518518,0.7412935323383084,0.6326963906581741,0.8824706133296437,0.842453026247779,40,440.599,"{'max_depth': 25, 'max_features': 'sqrt', 'min_samples_leaf': 3, 'n_estimators': 324}",42
clasificacion,Random Forest,ADASYN,Random Search,2,0.8139097744360902,0.5080645161290323,0.6237623762376238,0.56,0.8438871149295905,0.8506642295211858,40,434.741,"{'max_depth': 24, 'max_features': 'log2', 'min_samples_leaf': 2, 'n_estimators': 457}",44
clasificacion,Random Forest,ADASYN,Bayesiano,0,0.8355263157894737,0.5481481481481482,0.736318407960199,0.6284501061571125,0.8822803710301332,0.8428398001894012,40,442.312,"{'n_estimators': 437, 'max_depth': 23, 'min_samples_leaf': 3, 'max_features': 'log2'}",42
clasificacion,Random Forest,ADASYN,Bayesiano,1,0.8035714285714286,0.4870848708487085,0.6534653465346535,0.5581395348837209,0.8445245916703039,0.8537265288884218,40,423.735,"{'n_estimators': 393, 'max_depth': 24, 'min_samples_leaf': 3, 'max_features': 'log2'}",43
clasificacion,Random Forest,ADASYN,Random Search,3,0.7781954887218046,0.4444444444444444,0.6732673267326733,0.5354330708661418,0.8426351335829638,0.8532185676762468,40,503.47,"{'max_depth': 25, 'max_features': 'log2', 'min_samples_leaf': 4, 'n_estimators': 404}",45
clasificacion,Random Forest,ADASYN,Bayesiano,3,0.7781954887218046,0.4444444444444444,0.6732673267326733,0.5354330708661418,0.842646619650364,0.8532089027457697,40,385.507,"{'n_estimators': 409, 'max_depth': 25, 'min_samples_leaf': 4, 'max_features': 'log2'}",45
clasificacion,Random Forest,sin_balanceo,Grid Search,0,0.856203007518797,0.7105263157894737,0.40298507462686567,0.5142857142857142,0.8756449502199316,0.8440403360122689,24,113.973,"{'max_depth': 25, 'max_features': 'sqrt', 'min_samples_leaf': 1, 'n_estimators': 500}",42
clasificacion,Random Forest,sin_balanceo,Grid Search,1,0.8355263157894737,0.6336633663366337,0.31683168316831684,0.42244224422442245,0.8487055202039926,0.8541898392659041,24,113.687,"{'max_depth': 25, 'max_features': 'sqrt', 'min_samples_leaf': 1, 'n_estimators': 500}",43
clasificacion,Random Forest,ADASYN,Bayesiano,2,0.8101503759398496,0.5,0.6485148514851485,0.5646551724137931,0.8452194987480187,0.8511570603250243,40,438.77,"{'n_estimators': 262, 'max_depth': 23, 'min_samples_leaf': 3, 'max_features': 'log2'}",44
clasificacion,Random Forest,ADASYN,Genético,0,0.8298872180451128,0.5381679389312977,0.7014925373134329,0.6090712742980562,0.8804961288574509,0.8421736766840334,40,259.56,"{'n_estimators': 271, 'max_depth': 25, 'min_samples_leaf': 2, 'max_features': 'log2'}",42
clasificacion,Random Forest,sin_balanceo,Grid Search,2,0.8439849624060151,0.6730769230769231,0.3465346534653465,0.45751633986928103,0.8529898233442834,0.8485392070902664,24,113.438,"{'max_depth': 25, 'max_features': 'sqrt', 'min_samples_leaf': 1, 'n_estimators': 500}",44
clasificacion,Random Forest,sin_balanceo,Grid Search,3,0.8355263157894737,0.6,0.400990099009901,0.4807121661721068,0.8330586248880107,0.853748291862332,24,113.15,"{'max_depth': 25, 'max_features': 'sqrt', 'min_samples_leaf': 1, 'n_estimators': 500}",45
clasificacion,Random Forest,sin_balanceo,Grid Search,4,0.849624060150376,0.71875,0.3415841584158416,0.46308724832214765,0.8673273069766373,0.8459324357964605,24,112.093,"{'max_depth': 25, 'max_features': 'sqrt', 'min_samples_leaf': 1, 'n_estimators': 500}",46
clasificacion,Random Forest,class_weight,Grid Search,0,0.8533834586466166,0.7027027027027027,0.3880597014925373,0.5,0.8797870439229115,0.8471480927712663,24,112.57,"{'max_depth': 25, 'max_features': 'sqrt', 'min_samples_leaf': 1, 'n_estimators': 500}",42
clasificacion,Random Forest,class_weight,Grid Search,1,0.8383458646616542,0.65625,0.3118811881188119,0.4228187919463087,0.8536646298040477,0.8568606498676369,24,112.93,"{'max_depth': 25, 'max_features': 'sqrt', 'min_samples_leaf': 1, 'n_estimators': 500}",43
clasificacion,Random Forest,class_weight,Grid Search,2,0.8430451127819549,0.6842105263157895,0.3217821782178218,0.4377104377104377,0.859809675863178,0.8535070259008603,24,112.942,"{'max_depth': 25, 'max_features': 'sqrt', 'min_samples_leaf': 1, 'n_estimators': 500}",44
clasificacion,Random Forest,class_weight,Grid Search,3,0.8383458646616542,0.6293103448275862,0.3613861386138614,0.4591194968553459,0.8398870919574556,0.8585231313830824,24,113.736,"{'max_depth': 25, 'max_features': 'sqrt', 'min_samples_leaf': 1, 'n_estimators': 500}",45
clasificacion,Random Forest,ADASYN,Bayesiano,4,0.8223684210526315,0.5294117647058824,0.5792079207920792,0.5531914893617021,0.863959017711516,0.8481628238814937,40,457.086,"{'n_estimators': 340, 'max_depth': 24, 'min_samples_leaf': 1, 'max_features': 'sqrt'}",46
clasificacion,Random Forest,ADASYN,Genético,2,0.8157894736842105,0.5118110236220472,0.6435643564356436,0.5701754385964912,0.8432036939192759,0.8503041442773619,40,374.171,"{'n_estimators': 443, 'max_depth': 22, 'min_samples_leaf': 2, 'max_features': 'sqrt'}",44
clasificacion,Random Forest,ADASYN,Genético,1,0.8120300751879699,0.5038461538461538,0.6485148514851485,0.5670995670995671,0.8424140267855093,0.8535620037503419,40,420.319,"{'n_estimators': 443, 'max_depth': 22, 'min_samples_leaf': 2, 'max_features': 'sqrt'}",43
clasificacion,Random Forest,class_weight,Grid Search,4,0.8411654135338346,0.6774193548387096,0.3118811881188119,0.4271186440677966,0.8694148997266317,0.8500538721874369,24,135.92,"{'max_depth': 25, 'max_features': 'sqrt', 'min_samples_leaf': 1, 'n_estimators': 500}",46
clasificacion,XGBoost,SMOTE,Grid Search,0,0.8073308270676691,0.49324324324324326,0.7263681592039801,0.5875251509054326,0.872041876365565,0.8387062119185273,32,124.986,"{'colsample_bytree': 0.5, 'learning_rate': 0.001, 'max_depth': 10, 'n_estimators': 500, 'subsample': 0.5}",42
clasificacion,Random Forest,ADASYN,Genético,4,0.8308270676691729,0.5462184873949579,0.6435643564356436,0.5909090909090909,0.8659346213043578,0.8480210707863316,40,439.1,"{'n_estimators': 386, 'max_depth': 25, 'min_samples_leaf': 2, 'max_features': 'sqrt'}",46
clasificacion,XGBoost,SMOTE,Grid Search,1,0.7969924812030075,0.4748201438848921,0.6534653465346535,0.55,0.8425260159426615,0.8506818066405275,32,131.804,"{'colsample_bytree': 0.5, 'learning_rate': 0.001, 'max_depth': 10, 'n_estimators': 500, 'subsample': 0.5}",43
clasificacion,XGBoost,SMOTE,Grid Search,2,0.8035714285714286,0.48717948717948717,0.6584158415841584,0.56,0.8395338953848982,0.8465356133603925,32,138.56,"{'colsample_bytree': 0.5, 'learning_rate': 0.001, 'max_depth': 10, 'n_estimators': 500, 'subsample': 1.0}",44
clasificacion,XGBoost,SMOTE,Grid Search,3,0.7631578947368421,0.421875,0.6683168316831684,0.5172413793103449,0.8373974868484528,0.8510905077225429,32,139.023,"{'colsample_bytree': 0.5, 'learning_rate': 0.001, 'max_depth': 10, 'n_estimators': 500, 'subsample': 0.5}",45
clasificacion,XGBoost,SMOTE,Grid Search,4,0.8157894736842105,0.5108695652173914,0.698019801980198,0.5899581589958159,0.8630573614205967,0.8433616796385018,32,138.146,"{'colsample_bytree': 0.5, 'learning_rate': 0.001, 'max_depth': 10, 'n_estimators': 500, 'subsample': 0.5}",46
clasificacion,XGBoost,ADASYN,Grid Search,0,0.8082706766917294,0.495114006514658,0.7562189054726368,0.5984251968503937,0.8740999521511792,0.8364258115468841,32,137.902,"{'colsample_bytree': 0.5, 'learning_rate': 0.001, 'max_depth': 10, 'n_estimators': 500, 'subsample': 0.5}",42
clasificacion,XGBoost,ADASYN,Grid Search,1,0.7875939849624061,0.4612903225806452,0.7079207920792079,0.55859375,0.8408777652707266,0.8509420892389308,32,133.417,"{'colsample_bytree': 0.5, 'learning_rate': 0.001, 'max_depth': 10, 'n_estimators': 500, 'subsample': 0.5}",43
clasificacion,Random Forest,ADASYN,Genético,3,0.7734962406015038,0.4364820846905538,0.6633663366336634,0.5265225933202358,0.8422905515609567,0.853289748304335,40,508.588,"{'n_estimators': 386, 'max_depth': 22, 'min_samples_leaf': 4, 'max_features': 'sqrt'}",45
clasificacion,XGBoost,ADASYN,Grid Search,2,0.7857142857142857,0.45806451612903226,0.7029702970297029,0.5546875,0.8418598240334475,0.8458979267617526,32,133.161,"{'colsample_bytree': 0.5, 'learning_rate': 0.001, 'max_depth': 10, 'n_estimators': 500, 'subsample': 0.5}",44
clasificacion,XGBoost,ADASYN,Grid Search,3,0.7546992481203008,0.4154727793696275,0.7178217821782178,0.5263157894736842,0.8342962486503871,0.8498693063386743,32,119.927,"{'colsample_bytree': 0.5, 'learning_rate': 0.001, 'max_depth': 10, 'n_estimators': 500, 'subsample': 0.5}",45
clasificacion,XGBoost,ADASYN,Grid Search,4,0.7960526315789473,0.476038338658147,0.7376237623762376,0.5786407766990291,0.8621212469274769,0.8420062551962717,32,112.055,"{'colsample_bytree': 0.5, 'learning_rate': 0.001, 'max_depth': 10, 'n_estimators': 500, 'subsample': 0.5}",46
clasificacion,Random Forest,sin_balanceo,Random Search,1,0.8355263157894737,0.6310679611650486,0.3217821782178218,0.4262295081967213,0.8489352415519975,0.8536260027330203,40,207.295,"{'max_depth': 15, 'max_features': 'log2', 'min_samples_leaf': 1, 'n_estimators': 478}",43
clasificacion,Random Forest,sin_balanceo,Random Search,0,0.8543233082706767,0.7017543859649122,0.39800995024875624,0.5079365079365079,0.8748724511855555,0.845426975288054,40,228.032,"{'max_depth': 25, 'max_features': 'sqrt', 'min_samples_leaf': 3, 'n_estimators': 324}",42
clasificacion,Random Forest,sin_balanceo,Random Search,2,0.8411654135338346,0.6571428571428571,0.3415841584158416,0.4495114006514658,0.8536904734556982,0.8493711380661951,40,223.543,"{'max_depth': 24, 'max_features': 'log2', 'min_samples_leaf': 2, 'n_estimators': 457}",44
clasificacion,Random Forest,sin_balanceo,Random Search,4,0.8421052631578947,0.7073170731707317,0.2871287128712871,0.4084507042253521,0.8647572993958328,0.8451963687207552,40,197.669,"{'max_depth': 23, 'max_features': 'log2', 'min_samples_leaf': 4, 'n_estimators': 376}",46
clasificacion,Random Forest,sin_balanceo,Random Search,3,0.8345864661654135,0.6065573770491803,0.36633663366336633,0.4567901234567901,0.8326709701132525,0.8552213361452222,40,244.694,"{'max_depth': 15, 'max_features': 'log2', 'min_samples_leaf': 3, 'n_estimators': 296}",45
clasificacion,Random Forest,sin_balanceo,Genético,0,0.8618421052631579,0.725,0.43283582089552236,0.5420560747663551,0.8756737748107666,0.8448777075449841,40,176.042,"{'n_estimators': 271, 'max_depth': 16, 'min_samples_leaf': 2, 'max_features': 'log2'}",42
clasificacion,Random Forest,sin_balanceo,Bayesiano,0,0.8543233082706767,0.6982758620689655,0.40298507462686567,0.5110410094637224,0.8749935144670621,0.8459222064167046,40,249.734,"{'n_estimators': 260, 'max_depth': 22, 'min_samples_leaf': 3, 'max_features': 'log2'}",42
clasificacion,Random Forest,sin_balanceo,Bayesiano,2,0.8430451127819549,0.6767676767676768,0.3316831683168317,0.44518272425249167,0.8537077025567986,0.850431736645743,40,224.978,"{'n_estimators': 371, 'max_depth': 16, 'min_samples_leaf': 2, 'max_features': 'log2'}",44
clasificacion,Random Forest,sin_balanceo,Bayesiano,3,0.8345864661654135,0.6120689655172413,0.35148514851485146,0.44654088050314467,0.8306953665204108,0.8554398567909757,40,229.804,"{'n_estimators': 495, 'max_depth': 24, 'min_samples_leaf': 5, 'max_features': 'log2'}",45
clasificacion,Random Forest,sin_balanceo,Bayesiano,1,0.8392857142857143,0.6476190476190476,0.33663366336633666,0.44299674267100975,0.8470716271163079,0.8545925257902236,40,245.224,"{'n_estimators': 385, 'max_depth': 25, 'min_samples_leaf': 1, 'max_features': 'log2'}",43
clasificacion,Random Forest,sin_balanceo,Bayesiano,4,0.8477443609022557,0.7083333333333334,0.33663366336633666,0.4563758389261745,0.8663883209666676,0.846352126446475,40,250.036,"{'n_estimators': 435, 'max_depth': 23, 'min_samples_leaf': 1, 'max_features': 'sqrt'}",46
clasificacion,Random Forest,sin_balanceo,Genético,2,0.8402255639097744,0.6568627450980392,0.3316831683168317,0.4407894736842105,0.851462176380051,0.849775485428073,40,195.44,"{'n_estimators': 271, 'max_depth': 12, 'min_samples_leaf': 1, 'max_features': 'log2'}",44
clasificacion,Random Forest,sin_balanceo,Genético,1,0.8383458646616542,0.6442307692307693,0.3316831683168317,0.43790849673202614,0.8480508143621787,0.8540012226052651,40,200.393,"{'n_estimators': 443, 'max_depth': 22, 'min_samples_leaf': 1, 'max_features': 'sqrt'}",43
clasificacion,Random Forest,sin_balanceo,Genético,4,0.8486842105263158,0.7157894736842105,0.33663366336633666,0.45791245791245794,0.8663998070340677,0.8461532868664557,40,223.897,"{'n_estimators': 443, 'max_depth': 25, 'min_samples_leaf': 1, 'max_features': 'sqrt'}",46
clasificacion,Random Forest,sin_balanceo,Genético,3,0.8336466165413534,0.6050420168067226,0.3564356435643564,0.4485981308411215,0.8323378741586456,0.8557890415574662,40,232.905,"{'n_estimators': 500, 'max_depth': 25, 'min_samples_leaf': 4, 'max_features': 'sqrt'}",45
clasificacion,Random Forest,class_weight,Random Search,1,0.8392857142857143,0.6099290780141844,0.42574257425742573,0.5014577259475219,0.8538340492982013,0.857201259892053,40,206.446,"{'max_depth': 24, 'max_features': 'sqrt', 'min_samples_leaf': 2, 'n_estimators': 473}",43
clasificacion,Random Forest,class_weight,Random Search,0,0.8515037593984962,0.6187845303867403,0.5572139303482587,0.5863874345549738,0.8764462738451428,0.8478103367862809,40,226.327,"{'max_depth': 25, 'max_features': 'sqrt', 'min_samples_leaf': 3, 'n_estimators': 324}",42
clasificacion,Random Forest,class_weight,Random Search,4,0.849624060150376,0.6329113924050633,0.49504950495049505,0.5555555555555556,0.8682749075371575,0.8491228156551429,40,197.871,"{'max_depth': 15, 'max_features': 'sqrt', 'min_samples_leaf': 2, 'n_estimators': 458}",46
clasificacion,Random Forest,class_weight,Random Search,2,0.8308270676691729,0.5753424657534246,0.4158415841584158,0.4827586206896552,0.8561599779467506,0.8528227941186469,40,219.827,"{'max_depth': 24, 'max_features': 'log2', 'min_samples_leaf': 2, 'n_estimators': 457}",44
clasificacion,Random Forest,class_weight,Random Search,3,0.8392857142857143,0.628099173553719,0.37623762376237624,0.47058823529411764,0.8406537869564219,0.8583548438055425,40,242.253,"{'max_depth': 24, 'max_features': 'log2', 'min_samples_leaf': 1, 'n_estimators': 485}",45
clasificacion,Random Forest,class_weight,Bayesiano,1,0.8392857142857143,0.6099290780141844,0.42574257425742573,0.5014577259475219,0.8540005972755049,0.8573263150520694,40,226.138,"{'n_estimators': 469, 'max_depth': 24, 'min_samples_leaf': 2, 'max_features': 'log2'}",43
clasificacion,Random Forest,class_weight,Bayesiano,0,0.8543233082706767,0.6533333333333333,0.48756218905472637,0.5584045584045584,0.8784755250399221,0.8485462705385873,40,253.826,"{'n_estimators': 424, 'max_depth': 24, 'min_samples_leaf': 2, 'max_features': 'sqrt'}",42
clasificacion,Random Forest,class_weight,Genético,0,0.8280075187969925,0.5333333333333333,0.7164179104477612,0.6114649681528662,0.8717190409482136,0.8464286121718588,40,193.178,"{'n_estimators': 214, 'max_depth': 19, 'min_samples_leaf': 8, 'max_features': 'log2'}",42
clasificacion,XGBoost,SMOTE,Random Search,0,0.8336466165413534,0.5517241379310345,0.6368159203980099,0.5912240184757506,0.8789194237387801,0.8440737857711241,40,119.659,"{'colsample_bytree': np.float64(0.6632703844029177), 'learning_rate': np.float64(0.02588563920257926), 'max_depth': 10, 'n_estimators': 239, 'subsample': np.float64(0.6626651653816322)}",42
clasificacion,XGBoost,SMOTE,Random Search,1,0.8101503759398496,0.5,0.6237623762376238,0.5550660792951542,0.8497335232363142,0.8546156949899489,40,121.105,"{'colsample_bytree': np.float64(0.5387789027474854), 'learning_rate': np.float64(0.0160740619654523), 'max_depth': 10, 'n_estimators': 210, 'subsample': np.float64(0.5350679672316185)}",43
clasificacion,Random Forest,class_weight,Bayesiano,3,0.8374060150375939,0.6239316239316239,0.3613861386138614,0.45768025078369906,0.8399014495417059,0.8585139920875298,40,272.175,"{'n_estimators': 496, 'max_depth': 25, 'min_samples_leaf': 1, 'max_features': 'log2'}",45
clasificacion,Random Forest,class_weight,Genético,2,0.8327067669172933,0.5759493670886076,0.4504950495049505,0.5055555555555555,0.8554420987342354,0.8532940396610073,40,202.129,"{'n_estimators': 386, 'max_depth': 19, 'min_samples_leaf': 2, 'max_features': 'log2'}",44
clasificacion,Random Forest,class_weight,Bayesiano,2,0.8439849624060151,0.68,0.33663366336633666,0.4503311258278146,0.8600795984470836,0.8539997582360686,40,293.852,"{'n_estimators': 284, 'max_depth': 25, 'min_samples_leaf': 1, 'max_features': 'log2'}",44
clasificacion,XGBoost,SMOTE,Random Search,2,0.8195488721804511,0.5213675213675214,0.6039603960396039,0.5596330275229358,0.8515712940203533,0.8523562666303551,40,129.889,"{'colsample_bytree': np.float64(0.5544427976452204), 'learning_rate': np.float64(0.01670299787401901), 'max_depth': 9, 'n_estimators': 321, 'subsample': np.float64(0.5091275538414759)}",44
clasificacion,Random Forest,class_weight,Genético,1,0.8392857142857143,0.6099290780141844,0.42574257425742573,0.5014577259475219,0.8537881050286004,0.8571069189733059,40,246.526,"{'n_estimators': 443, 'max_depth': 25, 'min_samples_leaf': 2, 'max_features': 'sqrt'}",43
clasificacion,Random Forest,class_weight,Bayesiano,4,0.8439849624060151,0.7,0.3118811881188119,0.4315068493150685,0.8687199926489169,0.849640504630159,40,260.057,"{'n_estimators': 457, 'max_depth': 22, 'min_samples_leaf': 1, 'max_features': 'sqrt'}",46
clasificacion,Random Forest,class_weight,Genético,3,0.8383458646616542,0.6293103448275862,0.3613861386138614,0.4591194968553459,0.8398870919574556,0.8585231313830824,40,258.006,"{'n_estimators': 500, 'max_depth': 25, 'min_samples_leaf': 1, 'max_features': 'sqrt'}",45
clasificacion,Random Forest,class_weight,Genético,4,0.8439849624060151,0.7,0.3118811881188119,0.4315068493150685,0.8687630654016678,0.849568841036886,40,272.179,"{'n_estimators': 443, 'max_depth': 22, 'min_samples_leaf': 1, 'max_features': 'sqrt'}",46
clasificacion,XGBoost,SMOTE,Random Search,3,0.7951127819548872,0.46923076923076923,0.6039603960396039,0.5281385281385281,0.8373802577473525,0.8552608989651368,40,146.162,"{'colsample_bytree': np.float64(0.6536914247282766), 'learning_rate': np.float64(0.02288498294025662), 'max_depth': 9, 'n_estimators': 282, 'subsample': np.float64(0.7729313096395295)}",45
clasificacion,XGBoost,SMOTE,Random Search,4,0.8204887218045113,0.5230125523012552,0.6188118811881188,0.5668934240362812,0.8633272840045025,0.8471166964393605,40,140.721,"{'colsample_bytree': np.float64(0.8793015005958655), 'learning_rate': np.float64(0.012725502169508855), 'max_depth': 10, 'n_estimators': 322, 'subsample': np.float64(0.5167077206163266)}",46
clasificacion,XGBoost,SMOTE,Genético,1,0.8054511278195489,0.4901185770750988,0.6138613861386139,0.545054945054945,0.8448462015575107,0.8536199258118585,40,241.124,"{'n_estimators': 371, 'max_depth': 8, 'learning_rate': 0.0115245, 'subsample': 0.714286, 'colsample_bytree': 0.5}",43
clasificacion,XGBoost,SMOTE,Bayesiano,3,0.7941729323308271,0.4679245283018868,0.6138613861386139,0.5310492505353319,0.8386494681950795,0.8565400955586475,40,270.67,"{'n_estimators': 319, 'max_depth': 8, 'learning_rate': 0.018254041912601222, 'subsample': 0.7123923065109475, 'colsample_bytree': 0.5532284554061732}",45
clasificacion,XGBoost,SMOTE,Bayesiano,4,0.8298872180451128,0.547945205479452,0.594059405940594,0.5700712589073634,0.867646045346994,0.8488513423313968,40,286.95,"{'n_estimators': 362, 'max_depth': 10, 'learning_rate': 0.013867948666315124, 'subsample': 0.5429048320655514, 'colsample_bytree': 0.6210864558867664}",46
clasificacion,XGBoost,SMOTE,Genético,0,0.8298872180451128,0.5370370370370371,0.7213930348258707,0.6157112526539278,0.8762963859728012,0.8428648419429224,40,356.634,"{'n_estimators': 307, 'max_depth': 9, 'learning_rate': 0.0115245, 'subsample': 0.5, 'colsample_bytree': 0.785714}",42
clasificacion,XGBoost,ADASYN,Random Search,0,0.8280075187969925,0.5328467153284672,0.7263681592039801,0.6147368421052631,0.8820151847944518,0.8394115063838159,40,280.406,"{'colsample_bytree': np.float64(0.6092202186084168), 'learning_rate': np.float64(0.010758349396810417), 'max_depth': 8, 'n_estimators': 397, 'subsample': np.float64(0.6781489190384875)}",42
clasificacion,XGBoost,SMOTE,Bayesiano,0,0.8327067669172933,0.5525114155251142,0.6019900497512438,0.5761904761904761,0.8798764001544999,0.8434627171708483,40,406.406,"{'n_estimators': 457, 'max_depth': 9, 'learning_rate': 0.021095706287241844, 'subsample': 0.6494916224696412, 'colsample_bytree': 0.6007980277470971}",42
clasificacion,XGBoost,SMOTE,Genético,2,0.8270676691729323,0.5436893203883495,0.5544554455445545,0.5490196078431373,0.856182950081551,0.8515901084791384,40,325.174,"{'n_estimators': 371, 'max_depth': 9, 'learning_rate': 0.0260314, 'subsample': 0.5, 'colsample_bytree': 0.5}",44
clasificacion,XGBoost,SMOTE,Bayesiano,1,0.8148496240601504,0.5104602510460251,0.6039603960396039,0.5532879818594104,0.8488835542486963,0.856639511363022,40,426.69,"{'n_estimators': 360, 'max_depth': 10, 'learning_rate': 0.012249301733188443, 'subsample': 0.6044851260741738, 'colsample_bytree': 0.6009509769950913}",43
clasificacion,XGBoost,SMOTE,Bayesiano,2,0.8261278195488722,0.541871921182266,0.5445544554455446,0.5432098765432098,0.853960396039604,0.8545720827648529,40,483.621,"{'n_estimators': 461, 'max_depth': 10, 'learning_rate': 0.01509619372976086, 'subsample': 0.7768704377408203, 'colsample_bytree': 0.5605812382637579}",44
clasificacion,XGBoost,ADASYN,Random Search,3,0.7838345864661654,0.4489051094890511,0.6089108910891089,0.5168067226890757,0.8350026417955021,0.8541666236452533,40,197.614,"{'colsample_bytree': np.float64(0.6536914247282766), 'learning_rate': np.float64(0.02288498294025662), 'max_depth': 9, 'n_estimators': 282, 'subsample': np.float64(0.7729313096395295)}",45
clasificacion,XGBoost,ADASYN,Random Search,1,0.8007518796992481,0.48148148148148145,0.6435643564356436,0.5508474576271186,0.8348992671888998,0.8536352175211891,40,238.398,"{'colsample_bytree': np.float64(0.9765201104933707), 'learning_rate': np.float64(0.010482321871957722), 'max_depth': 9, 'n_estimators': 437, 'subsample': np.float64(0.836088639738088)}",43
clasificacion,XGBoost,SMOTE,Genético,3,0.8280075187969925,0.5450236966824644,0.5693069306930693,0.5569007263922519,0.8394879511152972,0.856333314249175,40,447.619,"{'n_estimators': 500, 'max_depth': 9, 'learning_rate': 0.0260314, 'subsample': 0.928571, 'colsample_bytree': 0.642857}",45
clasificacion,XGBoost,ADASYN,Random Search,2,0.818609022556391,0.5194805194805194,0.594059405940594,0.5542725173210161,0.8530127954790839,0.8524288201924838,40,258.297,"{'colsample_bytree': np.float64(0.6143014956415555), 'learning_rate': np.float64(0.015804532626268544), 'max_depth': 10, 'n_estimators': 355, 'subsample': np.float64(0.6080319314992984)}",44
clasificacion,XGBoost,ADASYN,Random Search,4,0.8233082706766918,0.5271317829457365,0.6732673267326733,0.591304347826087,0.8696446210746365,0.8436629945838972,40,180.845,"{'colsample_bytree': np.float64(0.8793015005958655), 'learning_rate': np.float64(0.012725502169508855), 'max_depth': 10, 'n_estimators': 322, 'subsample': np.float64(0.5167077206163266)}",46
clasificacion,XGBoost,SMOTE,Genético,4,0.8402255639097744,0.5860215053763441,0.5396039603960396,0.5618556701030928,0.8669741104040799,0.846557373052015,40,559.518,"{'n_estimators': 371, 'max_depth': 9, 'learning_rate': 0.0260314, 'subsample': 0.857143, 'colsample_bytree': 0.785714}",46
clasificacion,XGBoost,ADASYN,Bayesiano,0,0.8468045112781954,0.5887850467289719,0.6268656716417911,0.6072289156626506,0.8844998645244231,0.8405830407812104,40,320.255,"{'n_estimators': 362, 'max_depth': 10, 'learning_rate': 0.0203080287517012, 'subsample': 0.8759827095339052, 'colsample_bytree': 0.5297472867171019}",42
clasificacion,XGBoost,ADASYN,Genético,1,0.8035714285714286,0.4867924528301887,0.6386138613861386,0.5524625267665952,0.8401828581930119,0.8534230935851954,40,249.638,"{'n_estimators': 371, 'max_depth': 8, 'learning_rate': 0.0115245, 'subsample': 0.714286, 'colsample_bytree': 0.5}",43
clasificacion,XGBoost,ADASYN,Bayesiano,3,0.7847744360902256,0.45229681978798586,0.6336633663366337,0.5278350515463918,0.8390227653855874,0.8561520738267144,40,349.458,"{'n_estimators': 415, 'max_depth': 9, 'learning_rate': 0.013832270778574334, 'subsample': 0.6128785738586529, 'colsample_bytree': 0.6712312171345175}",45
clasificacion,XGBoost,ADASYN,Bayesiano,4,0.8195488721804511,0.5213675213675214,0.6039603960396039,0.5596330275229358,0.8661298844501619,0.8453694062374438,40,324.41,"{'n_estimators': 319, 'max_depth': 9, 'learning_rate': 0.017398474756400724, 'subsample': 0.6116800954673426, 'colsample_bytree': 0.7436071745627857}",46
clasificacion,XGBoost,ADASYN,Bayesiano,1,0.8204887218045113,0.5246636771300448,0.5792079207920792,0.5505882352941176,0.8417219912246445,0.8550224792159683,40,416.553,"{'n_estimators': 358, 'max_depth': 9, 'learning_rate': 0.023971219969103022, 'subsample': 0.7227526885654868, 'colsample_bytree': 0.6602623946942117}",43
clasificacion,XGBoost,ADASYN,Genético,0,0.8167293233082706,0.5104895104895105,0.7263681592039801,0.5995893223819302,0.8800032283541736,0.8392652467771571,40,319.272,"{'n_estimators': 307, 'max_depth': 9, 'learning_rate': 0.0115245, 'subsample': 0.5, 'colsample_bytree': 0.785714}",42
clasificacion,XGBoost,ADASYN,Bayesiano,2,0.8223684210526315,0.533678756476684,0.5099009900990099,0.5215189873417722,0.8513300866049482,0.8526026585873626,40,447.376,"{'n_estimators': 400, 'max_depth': 10, 'learning_rate': 0.029545603558082393, 'subsample': 0.7569302175259424, 'colsample_bytree': 0.7507507517939699}",44
clasificacion,XGBoost,ADASYN,Genético,3,0.818609022556391,0.5209302325581395,0.5544554455445545,0.5371702637889688,0.842594932347063,0.8556786094578931,40,310.46,"{'n_estimators': 436, 'max_depth': 9, 'learning_rate': 0.0260314, 'subsample': 0.928571, 'colsample_bytree': 0.571429}",45
clasificacion,XGBoost,ADASYN,Genético,2,0.8026315789473685,0.48507462686567165,0.6435643564356436,0.5531914893617021,0.8467299166111507,0.8503376653434828,40,334.513,"{'n_estimators': 371, 'max_depth': 10, 'learning_rate': 0.0051021, 'subsample': 0.785714, 'colsample_bytree': 0.571429}",44
clasificacion,XGBoost,ADASYN,Genético,4,0.7941729323308271,0.47416413373860183,0.7722772277227723,0.5875706214689266,0.8629080425443936,0.8437137772008453,40,376.783,"{'n_estimators': 371, 'max_depth': 10, 'learning_rate': 0.001, 'subsample': 0.642857, 'colsample_bytree': 0.642857}",46
clasificacion,SVM,SMOTE,Grid Search,0,0.7622180451127819,0.4312169312169312,0.8109452736318408,0.5630397236614854,0.8580331252197875,0.8374148541887209,36,130.021,"{'C': 0.398107, 'gamma': 0.1}",42
clasificacion,SVM,SMOTE,Grid Search,1,0.7274436090225563,0.3926829268292683,0.7970297029702971,0.5261437908496732,0.8290241437136753,0.8400334858987529,36,129.888,"{'C': 15.8489, 'gamma': 0.01}",43
clasificacion,SVM,SMOTE,Grid Search,2,0.7584586466165414,0.42587601078167114,0.7821782178217822,0.5514834205933682,0.8422273781902552,0.8459745550495675,36,130.539,"{'C': 0.398107, 'gamma': 0.1}",44
clasificacion,SVM,SMOTE,Grid Search,3,0.724624060150376,0.38929440389294406,0.7920792079207921,0.5220228384991843,0.8278870230410512,0.8446731805072063,36,132.001,"{'C': 0.398107, 'gamma': 0.1}",45
clasificacion,SVM,SMOTE,Grid Search,4,0.7678571428571429,0.4393530997304582,0.806930693069307,0.568935427574171,0.8567859686200638,0.8364351073676152,36,133.491,"{'C': 0.398107, 'gamma': 0.1}",46
clasificacion,XGBoost,sin_balanceo,Grid Search,0,0.8110902255639098,0.0,0.0,0.0,0.869441898272254,0.8381135427809023,32,44.091,"{'colsample_bytree': 0.5, 'learning_rate': 0.001, 'max_depth': 10, 'n_estimators': 500, 'subsample': 1.0}",42
clasificacion,SVM,ADASYN,Grid Search,0,0.7377819548872181,0.40669856459330145,0.845771144278607,0.5492730210016155,0.8577448793114383,0.8363173510081016,36,142.318,"{'C': 0.398107, 'gamma': 0.1}",42
clasificacion,XGBoost,sin_balanceo,Grid Search,1,0.8101503759398496,0.0,0.0,0.0,0.8454836782982244,0.8477878314248941,32,54.418,"{'colsample_bytree': 0.5, 'learning_rate': 0.001, 'max_depth': 10, 'n_estimators': 500, 'subsample': 1.0}",43
clasificacion,XGBoost,sin_balanceo,Grid Search,2,0.8101503759398496,0.0,0.0,0.0,0.848022099193678,0.8442393249103267,32,56.611,"{'colsample_bytree': 0.5, 'learning_rate': 0.001, 'max_depth': 10, 'n_estimators': 500, 'subsample': 1.0}",44
clasificacion,XGBoost,sin_balanceo,Grid Search,3,0.8101503759398496,0.0,0.0,0.0,0.8285532149502652,0.8515553359236209,32,56.033,"{'colsample_bytree': 0.5, 'learning_rate': 0.001, 'max_depth': 10, 'n_estimators': 500, 'subsample': 1.0}",45
clasificacion,XGBoost,sin_balanceo,Grid Search,4,0.8101503759398496,0.0,0.0,0.0,0.8590716960327123,0.8430664059780023,32,59.743,"{'colsample_bytree': 0.5, 'learning_rate': 0.001, 'max_depth': 10, 'n_estimators': 500, 'subsample': 1.0}",46
clasificacion,SVM,ADASYN,Grid Search,1,0.7142857142857143,0.3830275229357798,0.8267326732673267,0.5235109717868338,0.8335898555052721,0.8363747657911914,36,150.721,"{'C': 0.398107, 'gamma': 0.1}",43
clasificacion,XGBoost,class_weight,Grid Search,0,0.8336466165413534,0.5508474576271186,0.6467661691542289,0.5949656750572082,0.8686693992378779,0.8384861566209413,32,72.447,"{'colsample_bytree': 0.5, 'learning_rate': 0.001, 'max_depth': 10, 'n_estimators': 500, 'subsample': 0.5}",42
clasificacion,XGBoost,class_weight,Grid Search,1,0.8007518796992481,0.48175182481751827,0.6534653465346535,0.5546218487394958,0.8467414026785509,0.8500214159892142,32,73.81,"{'colsample_bytree': 0.5, 'learning_rate': 0.001, 'max_depth': 10, 'n_estimators': 500, 'subsample': 1.0}",43
clasificacion,SVM,ADASYN,Grid Search,2,0.7218045112781954,0.3912037037037037,0.8366336633663366,0.5331230283911672,0.8363981989846316,0.8422626346857438,36,156.622,"{'C': 0.398107, 'gamma': 0.1}",44
clasificacion,SVM,ADASYN,Grid Search,3,0.6992481203007519,0.37117903930131,0.8415841584158416,0.5151515151515151,0.8296329052858882,0.8403418193129712,36,159.264,"{'C': 0.398107, 'gamma': 0.1}",45
clasificacion,SVM,ADASYN,Grid Search,4,0.731203007518797,0.4004739336492891,0.8366336633663366,0.5416666666666666,0.8522547150306679,0.8346893495251396,36,165.079,"{'C': 0.398107, 'gamma': 0.1}",46
clasificacion,XGBoost,class_weight,Grid Search,2,0.806390977443609,0.49173553719008267,0.5891089108910891,0.536036036036036,0.8441398084123957,0.8461013882717016,32,85.659,"{'colsample_bytree': 0.5, 'learning_rate': 0.001, 'max_depth': 10, 'n_estimators': 500, 'subsample': 0.5}",44
clasificacion,XGBoost,class_weight,Grid Search,3,0.7772556390977443,0.4406779661016949,0.6435643564356436,0.5231388329979879,0.8345489421331924,0.8519900786759664,32,84.629,"{'colsample_bytree': 0.5, 'learning_rate': 0.001, 'max_depth': 10, 'n_estimators': 500, 'subsample': 1.0}",45
clasificacion,XGBoost,class_weight,Grid Search,4,0.8308270676691729,0.5486725663716814,0.6138613861386139,0.5794392523364486,0.8612483058050584,0.8428748863683735,32,87.722,"{'colsample_bytree': 0.5, 'learning_rate': 0.001, 'max_depth': 10, 'n_estimators': 500, 'subsample': 0.5}",46
clasificacion,SVM,SMOTE,Random Search,1,0.7255639097744361,0.3907766990291262,0.7970297029702971,0.5244299674267101,0.8282660632652593,0.8401190251286786,40,158.673,"{'C': np.float64(8.09006419688163), 'gamma': np.float64(0.009907964218716451)}",43
clasificacion,SVM,SMOTE,Random Search,0,0.7518796992481203,0.4190231362467866,0.8109452736318408,0.5525423728813559,0.8604947452770908,0.834867728035889,40,166.355,"{'C': np.float64(5.456725485601478), 'gamma': np.float64(0.015876781526923997)}",42
clasificacion,SVM,SMOTE,Random Search,2,0.7556390977443609,0.4220430107526882,0.7772277227722773,0.5470383275261324,0.841888539201948,0.8449442740233799,40,155.334,"{'C': np.float64(0.27368018278462974), 'gamma': np.float64(0.11122230802829748)}",44
clasificacion,SVM,SMOTE,Random Search,3,0.7189849624060151,0.38313253012048193,0.7871287128712872,0.5153970826580226,0.8279731685465531,0.8457695527400091,40,153.664,"{'C': np.float64(0.677566562751339), 'gamma': np.float64(0.06125809872230264)}",45
clasificacion,SVM,SMOTE,Bayesiano,0,0.7603383458646616,0.42857142857142855,0.8059701492537313,0.5595854922279793,0.8577794688204401,0.8383502673761084,40,155.989,"{'C': 1.007920308890734, 'gamma': 0.06784614677817265}",42
clasificacion,SVM,SMOTE,Random Search,4,0.7443609022556391,0.4125,0.8168316831683168,0.5481727574750831,0.8536962164893983,0.8355984709978702,40,168.456,"{'C': np.float64(2.0635677396820915), 'gamma': np.float64(0.017455346260268713)}",46
clasificacion,SVM,SMOTE,Bayesiano,1,0.7321428571428571,0.39650872817955113,0.7871287128712872,0.527363184079602,0.8324757069674484,0.8415464639000639,40,137.108,"{'C': 1.5727358483998164, 'gamma': 0.0355698732358628}",43
clasificacion,SVM,SMOTE,Bayesiano,2,0.7537593984962406,0.42021276595744683,0.7821782178217822,0.5467128027681661,0.8387011554983805,0.8474277335208176,40,139.004,"{'C': 3.0386449379021037, 'gamma': 0.041269454987189945}",44
clasificacion,SVM,SMOTE,Bayesiano,3,0.7142857142857143,0.37971698113207547,0.7970297029702971,0.5143769968051118,0.8241195929337713,0.8462951351479603,40,136.879,"{'C': 0.47368584926989393, 'gamma': 0.047988833945677274}",45
clasificacion,SVM,SMOTE,Bayesiano,4,0.7575187969924813,0.42783505154639173,0.8217821782178217,0.5627118644067797,0.8570616342376698,0.8372239114281239,40,140.094,"{'C': 0.4573138134371228, 'gamma': 0.05362602195377474}",46
clasificacion,SVM,SMOTE,Genético,0,0.7593984962406015,0.42744063324538256,0.8059701492537313,0.5586206896551724,0.8580388901379546,0.8378081360905516,40,157.702,"{'C': 1.35936, 'gamma': 0.0464159}",42
clasificacion,SVM,SMOTE,Genético,2,0.7537593984962406,0.4180327868852459,0.7574257425742574,0.5387323943661971,0.8385346075210769,0.84774505946544,40,147.929,"{'C': 8.57696, 'gamma': 0.0215443}",44
clasificacion,SVM,SMOTE,Genético,3,0.7114661654135338,0.3764705882352941,0.7920792079207921,0.5103668261562998,0.8248030139440858,0.8453165660950281,40,147.182,"{'C': 4.64159, 'gamma': 0.0215443}",45
clasificacion,SVM,SMOTE,Genético,1,0.7293233082706767,0.39303482587064675,0.7821782178217822,0.5231788079470199,0.8311950104523214,0.8407521756057661,40,164.71,"{'C': 4.64159, 'gamma': 0.0215443}",43
clasificacion,SVM,SMOTE,Genético,4,0.7584586466165414,0.4289405684754522,0.8217821782178217,0.5636672325976231,0.8560910615423492,0.8369274833401628,40,140.848,"{'C': 0.398107, 'gamma': 0.0464159}",46
clasificacion,SVM,ADASYN,Random Search,0,0.7255639097744361,0.3954022988505747,0.8557213930348259,0.5408805031446541,0.8578025284931081,0.8335418553319972,40,159.101,"{'C': np.float64(5.456725485601478), 'gamma': np.float64(0.015876781526923997)}",42
clasificacion,SVM,ADASYN,Random Search,1,0.7058270676691729,0.3752808988764045,0.8267326732673267,0.5162287480680062,0.827973168546553,0.8361676253056688,40,154.867,"{'C': np.float64(8.768157171030877), 'gamma': np.float64(0.016799914150956458)}",43
clasificacion,SVM,ADASYN,Random Search,2,0.7236842105263158,0.3930232558139535,0.8366336633663366,0.5348101265822784,0.8365015735912338,0.8410059733415408,40,144.422,"{'C': np.float64(0.27368018278462974), 'gamma': np.float64(0.11122230802829748)}",44
clasificacion,SVM,ADASYN,Random Search,3,0.6917293233082706,0.36538461538461536,0.8465346534653465,0.5104477611940299,0.8294835864096849,0.8417306686971836,40,148.784,"{'C': np.float64(0.677566562751339), 'gamma': np.float64(0.06125809872230264)}",45
clasificacion,SVM,ADASYN,Bayesiano,0,0.7368421052631579,0.40572792362768495,0.845771144278607,0.5483870967741935,0.8574912229120908,0.837040275908198,40,143.645,"{'C': 0.4451538614333063, 'gamma': 0.08269581469429887}",42
clasificacion,SVM,ADASYN,Random Search,4,0.7199248120300752,0.3918918918918919,0.8613861386138614,0.5386996904024768,0.8505834922239323,0.8335810700904865,40,159.775,"{'C': np.float64(2.0635677396820915), 'gamma': np.float64(0.017455346260268713)}",46
clasificacion,SVM,ADASYN,Bayesiano,1,0.7048872180451128,0.3738738738738739,0.8217821782178217,0.5139318885448917,0.8297477659598906,0.8393628404429795,40,139.9,"{'C': 0.41525427371317797, 'gamma': 0.04282330118575917}",43
clasificacion,SVM,ADASYN,Bayesiano,2,0.7189849624060151,0.3874709976798144,0.8267326732673267,0.5276461295418642,0.8378684156118629,0.8431468407817114,40,138.49,"{'C': 0.5743682807605016, 'gamma': 0.07250023608574643}",44
clasificacion,SVM,ADASYN,Bayesiano,3,0.6766917293233082,0.35330578512396693,0.8465346534653465,0.49854227405247814,0.821173416645609,0.8424299947825694,40,141.84,"{'C': 0.2758748292291654, 'gamma': 0.05304927608779314}",45
clasificacion,SVM,ADASYN,Bayesiano,4,0.7236842105263158,0.3944954128440367,0.8514851485148515,0.5391849529780565,0.8538168201971008,0.8348967328999493,40,143.219,"{'C': 0.5303912863411601, 'gamma': 0.04135087080435169}",46
clasificacion,XGBoost,sin_balanceo,Random Search,0,0.8646616541353384,0.7175572519083969,0.46766169154228854,0.5662650602409639,0.874244075105354,0.8455452609294781,40,62.672,"{'colsample_bytree': np.float64(0.6632703844029177), 'learning_rate': np.float64(0.02588563920257926), 'max_depth': 10, 'n_estimators': 239, 'subsample': np.float64(0.6626651653816322)}",42
clasificacion,SVM,ADASYN,Genético,0,0.7340225563909775,0.4033018867924528,0.8507462686567164,0.5472,0.8573701596305839,0.8363328556666986,40,152.451,"{'C': 1.35936, 'gamma': 0.0464159}",42
clasificacion,XGBoost,sin_balanceo,Random Search,1,0.8298872180451128,0.5929203539823009,0.3316831683168317,0.4253968253968254,0.844524591670304,0.8535570540605438,40,67.969,"{'colsample_bytree': np.float64(0.9765201104933707), 'learning_rate': np.float64(0.010482321871957722), 'max_depth': 9, 'n_estimators': 437, 'subsample': np.float64(0.836088639738088)}",43
clasificacion,XGBoost,sin_balanceo,Random Search,2,0.8355263157894737,0.6115702479338843,0.36633663366336633,0.4582043343653251,0.8514621763800511,0.8519430388047522,40,69.707,"{'colsample_bytree': np.float64(0.8404067038969113), 'learning_rate': np.float64(0.03686466705232972), 'max_depth': 6, 'n_estimators': 248, 'subsample': np.float64(0.8724277550323812)}",44
clasificacion,XGBoost,sin_balanceo,Random Search,3,0.8345864661654135,0.6048387096774194,0.3712871287128713,0.4601226993865031,0.8302703820266017,0.8563008008453673,40,59.812,"{'colsample_bytree': np.float64(0.8012448569391568), 'learning_rate': np.float64(0.015310722176585008), 'max_depth': 7, 'n_estimators': 282, 'subsample': np.float64(0.7109996903563747)}",45
clasificacion,SVM,ADASYN,Genético,2,0.7218045112781954,0.3912037037037037,0.8366336633663366,0.5331230283911672,0.8363981989846316,0.8422626346857438,40,155.189,"{'C': 0.398107, 'gamma': 0.1}",44
clasificacion,SVM,ADASYN,Genético,1,0.7077067669172933,0.3775280898876405,0.8316831683168316,0.5193199381761978,0.8277262180974478,0.83647159421509,40,161.87,"{'C': 4.64159, 'gamma': 0.0215443}",43
clasificacion,XGBoost,sin_balanceo,Random Search,4,0.8486842105263158,0.7029702970297029,0.35148514851485146,0.46864686468646866,0.8627816958029909,0.8473626560721924,40,62.304,"{'colsample_bytree': np.float64(0.8793015005958655), 'learning_rate': np.float64(0.012725502169508855), 'max_depth': 10, 'n_estimators': 322, 'subsample': np.float64(0.5167077206163266)}",46
clasificacion,XGBoost,sin_balanceo,Bayesiano,0,0.8552631578947368,0.6850393700787402,0.43283582089552236,0.5304878048780488,0.8724569504735881,0.8467753463372256,40,78.116,"{'n_estimators': 422, 'max_depth': 6, 'learning_rate': 0.01377639159941623, 'subsample': 0.603444700245252, 'colsample_bytree': 0.7524138081303311}",42
clasificacion,XGBoost,sin_balanceo,Bayesiano,3,0.8355263157894737,0.6015037593984962,0.39603960396039606,0.47761194029850745,0.8339688957294801,0.8573760323322214,40,62.484,"{'n_estimators': 165, 'max_depth': 10, 'learning_rate': 0.03445490114430343, 'subsample': 0.6859515274520099, 'colsample_bytree': 0.8433571960792418}",45
clasificacion,SVM,ADASYN,Genético,3,0.6757518796992481,0.3525773195876289,0.8465346534653465,0.4978165938864629,0.8241253359674715,0.8417106336132797,40,164.711,"{'C': 2.51189, 'gamma': 0.0215443}",45
clasificacion,XGBoost,sin_balanceo,Genético,0,0.8590225563909775,0.7142857142857143,0.4228855721393035,0.53125,0.87375405706116,0.8443292148212348,40,54.297,"{'n_estimators': 179, 'max_depth': 9, 'learning_rate': 0.0260314, 'subsample': 0.5, 'colsample_bytree': 0.571429}",42
clasificacion,SVM,ADASYN,Genético,4,0.7265037593984962,0.39770114942528734,0.8564356435643564,0.543171114599686,0.8541786313202085,0.8349530691476259,40,161.343,"{'C': 0.398107, 'gamma': 0.0464159}",46
clasificacion,XGBoost,sin_balanceo,Bayesiano,4,0.8458646616541353,0.6666666666666666,0.37623762376237624,0.4810126582278481,0.8692483517493281,0.8486462790650676,40,96.232,"{'n_estimators': 343, 'max_depth': 7, 'learning_rate': 0.017583448315502997, 'subsample': 0.7199359559153685, 'colsample_bytree': 0.9275585143409634}",46
clasificacion,XGBoost,sin_balanceo,Bayesiano,2,0.8336466165413534,0.5984251968503937,0.37623762376237624,0.46200607902735563,0.8508649008752383,0.8533262079557119,40,113.393,"{'n_estimators': 412, 'max_depth': 5, 'learning_rate': 0.03456896083947924, 'subsample': 0.8215203652518968, 'colsample_bytree': 0.6419931023205526}",44
clasificacion,XGBoost,sin_balanceo,Genético,2,0.8345864661654135,0.6031746031746031,0.37623762376237624,0.4634146341463415,0.8514794054811512,0.8512396811323178,40,90.6,"{'n_estimators': 371, 'max_depth': 7, 'learning_rate': 0.0260314, 'subsample': 0.714286, 'colsample_bytree': 0.857143}",44
clasificacion,XGBoost,sin_balanceo,Bayesiano,1,0.8374060150375939,0.6330275229357798,0.3415841584158416,0.4437299035369775,0.8509280742459396,0.8549514617644669,40,142.48,"{'n_estimators': 336, 'max_depth': 9, 'learning_rate': 0.01816628321666417, 'subsample': 0.6245667229584694, 'colsample_bytree': 0.6701169702143129}",43
clasificacion,XGBoost,sin_balanceo,Genético,1,0.8364661654135338,0.6206896551724138,0.3564356435643564,0.4528301886792453,0.8481943902046818,0.855372918754143,40,132.756,"{'n_estimators': 436, 'max_depth': 10, 'learning_rate': 0.0115245, 'subsample': 0.642857, 'colsample_bytree': 0.857143}",43
clasificacion,XGBoost,class_weight,Random Search,3,0.7584586466165414,0.41590214067278286,0.6732673267326733,0.5141776937618148,0.8353816820197101,0.8569365705880111,40,98.058,"{'colsample_bytree': np.float64(0.8012448569391568), 'learning_rate': np.float64(0.015310722176585008), 'max_depth': 7, 'n_estimators': 282, 'subsample': np.float64(0.7109996903563747)}",45
clasificacion,XGBoost,class_weight,Random Search,0,0.8157894736842105,0.5092250922509225,0.6865671641791045,0.5847457627118644,0.8755296518565918,0.8440677755029787,40,118.413,"{'colsample_bytree': np.float64(0.6092202186084168), 'learning_rate': np.float64(0.010758349396810417), 'max_depth': 8, 'n_estimators': 397, 'subsample': np.float64(0.6781489190384875)}",42
clasificacion,XGBoost,class_weight,Random Search,1,0.7885338345864662,0.46394984326018807,0.7326732673267327,0.5681381957773513,0.8472353035767614,0.8526184032523907,40,116.217,"{'colsample_bytree': np.float64(0.5722391892114144), 'learning_rate': np.float64(0.01001496984013282), 'max_depth': 6, 'n_estimators': 391, 'subsample': np.float64(0.6216990081404812)}",43
clasificacion,XGBoost,sin_balanceo,Genético,3,0.8392857142857143,0.6201550387596899,0.39603960396039606,0.48338368580060426,0.8355999173003149,0.8566917817940788,40,147.981,"{'n_estimators': 436, 'max_depth': 9, 'learning_rate': 0.0260314, 'subsample': 0.928571, 'colsample_bytree': 0.571429}",45
clasificacion,XGBoost,class_weight,Random Search,4,0.831766917293233,0.5506607929515418,0.6188118811881188,0.5827505827505828,0.8647515563621326,0.8490710052132574,40,90.643,"{'colsample_bytree': np.float64(0.8793015005958655), 'learning_rate': np.float64(0.012725502169508855), 'max_depth': 10, 'n_estimators': 322, 'subsample': np.float64(0.5167077206163266)}",46
clasificacion,XGBoost,class_weight,Random Search,2,0.8195488721804511,0.5225225225225225,0.5742574257425742,0.5471698113207547,0.8530472536812845,0.8516013132714284,40,122.571,"{'colsample_bytree': np.float64(0.6143014956415555), 'learning_rate': np.float64(0.015804532626268544), 'max_depth': 10, 'n_estimators': 355, 'subsample': np.float64(0.6080319314992984)}",44
clasificacion,XGBoost,class_weight,Bayesiano,0,0.8176691729323309,0.5134099616858238,0.6666666666666666,0.5800865800865801,0.8746995036405458,0.8448515187621736,40,99.136,"{'n_estimators': 480, 'max_depth': 7, 'learning_rate': 0.018338309354200638, 'subsample': 0.6758261624538083, 'colsample_bytree': 0.5380681970736296}",42
clasificacion,XGBoost,class_weight,Genético,0,0.7810150375939849,0.45348837209302323,0.7761194029850746,0.5724770642201835,0.8709984261773405,0.8412286589151085,40,58.8,"{'n_estimators': 179, 'max_depth': 4, 'learning_rate': 0.0587993, 'subsample': 0.857143, 'colsample_bytree': 0.857143}",42
clasificacion,XGBoost,sin_balanceo,Genético,4,0.8411654135338346,0.6299212598425197,0.39603960396039606,0.48632218844984804,0.8632411384990006,0.8461623881812511,40,200.361,"{'n_estimators': 436, 'max_depth': 9, 'learning_rate': 0.0260314, 'subsample': 0.857143, 'colsample_bytree': 1.0}",46
clasificacion,XGBoost,class_weight,Genético,2,0.8214285714285714,0.5265486725663717,0.5891089108910891,0.5560747663551402,0.8529611081757827,0.853507023556369,40,115.131,"{'n_estimators': 371, 'max_depth': 8, 'learning_rate': 0.0260314, 'subsample': 0.5, 'colsample_bytree': 0.785714}",44
clasificacion,XGBoost,class_weight,Bayesiano,3,0.8035714285714286,0.48616600790513836,0.6089108910891089,0.5406593406593406,0.8426810778525649,0.8576036149053184,40,147.223,"{'n_estimators': 266, 'max_depth': 10, 'learning_rate': 0.023079534363472307, 'subsample': 0.5903141153005422, 'colsample_bytree': 0.7682117861064028}",45
clasificacion,XGBoost,class_weight,Bayesiano,2,0.8082706766917294,0.49635036496350365,0.6732673267326733,0.5714285714285714,0.8531448852541867,0.8534815858269692,40,210.393,"{'n_estimators': 428, 'max_depth': 7, 'learning_rate': 0.014132074051015775, 'subsample': 0.6780660972054778, 'colsample_bytree': 0.8279969878169667}",44
clasificacion,XGBoost,class_weight,Bayesiano,1,0.8167293233082706,0.5169082125603864,0.5297029702970297,0.5232273838630807,0.8506351795272334,0.8556164804413872,40,246.564,"{'n_estimators': 496, 'max_depth': 10, 'learning_rate': 0.01842139487306006, 'subsample': 0.8606191181662085, 'colsample_bytree': 0.5041257865838654}",43
clasificacion,XGBoost,class_weight,Genético,1,0.8101503759398496,0.5,0.6633663366336634,0.5702127659574469,0.847074498633158,0.850937766934975,40,190.173,"{'n_estimators': 371, 'max_depth': 9, 'learning_rate': 0.0051021, 'subsample': 0.571429, 'colsample_bytree': 0.642857}",43
clasificacion,XGBoost,class_weight,Genético,3,0.7894736842105263,0.45925925925925926,0.6138613861386139,0.5254237288135594,0.8330155521352599,0.8565618486856946,40,222.013,"{'n_estimators': 500, 'max_depth': 9, 'learning_rate': 0.0115245, 'subsample': 0.928571, 'colsample_bytree': 0.785714}",45
clasificacion,XGBoost,class_weight,Bayesiano,4,0.8383458646616542,0.5721153846153846,0.5891089108910891,0.5804878048780487,0.8661815717534631,0.8497704710303182,40,252.93,"{'n_estimators': 435, 'max_depth': 10, 'learning_rate': 0.014180996072753093, 'subsample': 0.5965764883133173, 'colsample_bytree': 0.8347364514104456}",46
clasificacion,XGBoost,class_weight,Genético,4,0.831766917293233,0.5539906103286385,0.5841584158415841,0.5686746987951807,0.8606682594013461,0.8472522080300792,40,247.997,"{'n_estimators': 179, 'max_depth': 10, 'learning_rate': 0.0260314, 'subsample': 0.714286, 'colsample_bytree': 0.714286}",46
clasificacion,KNN,SMOTE,Grid Search,0,0.7293233082706767,0.3990719257540603,0.8557213930348259,0.5443037974683544,0.8627488282803826,0.8311352668900952,40,33.275,"{'n_neighbors': 41, 'p': 1, 'weights': 'distance'}",42
clasificacion,KNN,SMOTE,Grid Search,1,0.6879699248120301,0.3611111111111111,0.8366336633663366,0.5044776119402985,0.8357205210080173,0.8448325665206001,40,35.385,"{'n_neighbors': 41, 'p': 1, 'weights': 'distance'}",43
clasificacion,KNN,SMOTE,Grid Search,2,0.700187969924812,0.37199124726477023,0.8415841584158416,0.5159332321699545,0.8416358457191426,0.840497203748804,40,33.11,"{'n_neighbors': 41, 'p': 2, 'weights': 'distance'}",44
clasificacion,KNN,SMOTE,Grid Search,3,0.6776315789473685,0.3558282208588957,0.8613861386138614,0.5036179450072359,0.8331418988766627,0.8432144526253119,40,29.064,"{'n_neighbors': 41, 'p': 1, 'weights': 'distance'}",45
clasificacion,KNN,SMOTE,Grid Search,4,0.7321428571428571,0.4023529411764706,0.8465346534653465,0.5454545454545454,0.8496157910454619,0.8351775485521853,40,29.24,"{'n_neighbors': 41, 'p': 1, 'weights': 'distance'}",46
clasificacion,KNN,ADASYN,Grid Search,0,0.6889097744360902,0.3684210526315789,0.9054726368159204,0.5237410071942447,0.863855692568444,0.8259843068477849,40,32.307,"{'n_neighbors': 41, 'p': 1, 'weights': 'distance'}",42
clasificacion,KNN,ADASYN,Grid Search,1,0.6466165413533834,0.33646616541353386,0.8861386138613861,0.4877384196185286,0.8255094070892007,0.8392876929357995,40,34.357,"{'n_neighbors': 41, 'p': 1, 'weights': 'distance'}",43
clasificacion,KNN,ADASYN,Grid Search,2,0.6644736842105263,0.34714003944773175,0.8712871287128713,0.49647390691114246,0.8309739036548667,0.8380213455606987,40,34.861,"{'n_neighbors': 37, 'p': 1, 'weights': 'distance'}",44
clasificacion,KNN,ADASYN,Grid Search,3,0.6372180451127819,0.33211678832116787,0.900990099009901,0.48533333333333334,0.8314247318003262,0.8387831152933082,40,30.914,"{'n_neighbors': 41, 'p': 1, 'weights': 'distance'}",45
clasificacion,KNN,ADASYN,Grid Search,4,0.7058270676691729,0.3821656050955414,0.8910891089108911,0.5349182763744428,0.8500895913257218,0.8274164077527822,40,30.926,"{'n_neighbors': 41, 'p': 1, 'weights': 'distance'}",46
clasificacion,SVM,sin_balanceo,Grid Search,0,0.8439849624060151,0.7011494252873564,0.3034825870646766,0.4236111111111111,0.8495644604324842,0.8226867569972031,36,57.369,"{'C': 100.0, 'gamma': 0.01}",42
clasificacion,SVM,sin_balanceo,Grid Search,1,0.8364661654135338,0.6590909090909091,0.2871287128712871,0.4,0.824860444281087,0.8252115929087394,36,54.14,"{'C': 100.0, 'gamma': 0.01}",43
clasificacion,SVM,sin_balanceo,Grid Search,2,0.831766917293233,0.6161616161616161,0.30198019801980197,0.4053156146179402,0.81697525901082,0.8329040382407144,36,54.144,"{'C': 100.0, 'gamma': 0.01}",44
clasificacion,SVM,sin_balanceo,Grid Search,3,0.8374060150375939,0.6883116883116883,0.2623762376237624,0.37992831541218636,0.8102673956490777,0.8319965494716478,36,52.95,"{'C': 15.8489, 'gamma': 0.01}",45
clasificacion,SVM,sin_balanceo,Grid Search,4,0.8167293233082706,0.7058823529411765,0.0594059405940594,0.1095890410958904,0.8176529369874341,0.8175495424983339,36,54.812,"{'C': 2.51189, 'gamma': 0.01}",46
clasificacion,SVM,class_weight,Grid Search,0,0.7528195488721805,0.42091836734693877,0.8208955223880597,0.5564924114671164,0.8657984699907184,0.8382245887203684,36,73.011,"{'C': 100.0, 'gamma': 0.01}",42
clasificacion,KNN,SMOTE,Random Search,0,0.7255639097744361,0.39294117647058824,0.8308457711442786,0.5335463258785943,0.8628987161527242,0.8281218411682486,40,18.686,"{'n_neighbors': 30, 'p': 2, 'weights': 'distance'}",42
clasificacion,SVM,class_weight,Grid Search,1,0.7340225563909775,0.4004914004914005,0.806930693069307,0.535303776683087,0.8349050102226001,0.8443442652737388,36,69.851,"{'C': 0.398107, 'gamma': 0.1}",43
clasificacion,SVM,class_weight,Grid Search,2,0.7546992481203008,0.4225721784776903,0.7970297029702971,0.5523156089193825,0.8366910937033379,0.8495814656530399,36,70.052,"{'C': 2.51189, 'gamma': 0.1}",44
clasificacion,KNN,SMOTE,Random Search,1,0.6992481203007519,0.3706140350877193,0.8366336633663366,0.513677811550152,0.8338368059543775,0.8446380248618285,40,20.831,"{'n_neighbors': 30, 'p': 1, 'weights': 'distance'}",43
clasificacion,SVM,class_weight,Grid Search,3,0.7058270676691729,0.3735763097949886,0.8118811881188119,0.5117004680187207,0.8224598561944362,0.8463957222601327,36,71.17,"{'C': 15.8489, 'gamma': 0.01}",45
clasificacion,SVM,class_weight,Grid Search,4,0.7612781954887218,0.4326424870466321,0.8267326732673267,0.5680272108843537,0.8599848383910317,0.8380469366198223,36,71.0,"{'C': 0.398107, 'gamma': 0.1}",46
clasificacion,KNN,SMOTE,Random Search,2,0.7011278195488722,0.37280701754385964,0.8415841584158416,0.5167173252279635,0.8413343364498862,0.8403730732561123,40,21.077,"{'n_neighbors': 40, 'p': 2, 'weights': 'distance'}",44
clasificacion,KNN,SMOTE,Random Search,3,0.681390977443609,0.3593429158110883,0.8663366336633663,0.5079825834542816,0.8322632147205439,0.8425136954625044,40,20.22,"{'n_neighbors': 40, 'p': 1, 'weights': 'distance'}",45
clasificacion,KNN,SMOTE,Random Search,4,0.7368421052631579,0.4080188679245283,0.8564356435643564,0.5527156549520766,0.8495411316073603,0.8349744072997328,40,21.797,"{'n_neighbors': 38, 'p': 1, 'weights': 'distance'}",46
clasificacion,KNN,SMOTE,Bayesiano,0,0.7302631578947368,0.39953271028037385,0.8507462686567164,0.5437201907790143,0.8630716636977338,0.8312788804692653,40,23.317,"{'n_neighbors': 40, 'weights': 'distance', 'p': 1}",42
clasificacion,KNN,SMOTE,Bayesiano,1,0.681390977443609,0.35578947368421054,0.8366336633663366,0.49926144756277696,0.8241109783832212,0.8451769066304977,40,22.39,"{'n_neighbors': 38, 'weights': 'distance', 'p': 2}",43
clasificacion,KNN,SMOTE,Bayesiano,2,0.700187969924812,0.37199124726477023,0.8415841584158416,0.5159332321699545,0.8416358457191426,0.840497203748804,40,21.927,"{'n_neighbors': 41, 'weights': 'distance', 'p': 2}",44
clasificacion,KNN,SMOTE,Bayesiano,3,0.6776315789473685,0.3558282208588957,0.8613861386138614,0.5036179450072359,0.8331418988766627,0.8432144526253119,40,22.466,"{'n_neighbors': 41, 'weights': 'distance', 'p': 1}",45
clasificacion,KNN,SMOTE,Bayesiano,4,0.7302631578947368,0.4,0.8415841584158416,0.5422647527910686,0.8495038018883094,0.835235549388606,40,23.867,"{'n_neighbors': 40, 'weights': 'distance', 'p': 1}",46
clasificacion,KNN,SMOTE,Genético,0,0.7302631578947368,0.39953271028037385,0.8507462686567164,0.5437201907790143,0.8630716636977338,0.8312788804692653,40,21.725,"{'n_neighbors': 40, 'weights': 'distance', 'p': 1}",42
clasificacion,KNN,SMOTE,Genético,1,0.6851503759398496,0.36,0.8465346534653465,0.5051698670605613,0.8248346006294365,0.8452214669678306,40,22.929,"{'n_neighbors': 39, 'weights': 'distance', 'p': 2}",43
clasificacion,KNN,SMOTE,Genético,3,0.6776315789473685,0.3558282208588957,0.8613861386138614,0.5036179450072359,0.8331418988766627,0.8432144526253119,40,21.208,"{'n_neighbors': 41, 'weights': 'distance', 'p': 1}",45
clasificacion,KNN,SMOTE,Genético,2,0.7011278195488722,0.37280701754385964,0.8415841584158416,0.5167173252279635,0.8413343364498862,0.8403730732561123,40,24.349,"{'n_neighbors': 40, 'weights': 'distance', 'p': 2}",44
clasificacion,KNN,SMOTE,Genético,4,0.7415413533834586,0.4128878281622912,0.8564356435643564,0.5571658615136876,0.8504083296960786,0.8345536156766561,40,21.917,"{'n_neighbors': 37, 'weights': 'distance', 'p': 1}",46
clasificacion,KNN,ADASYN,Random Search,0,0.693609022556391,0.37322515212981744,0.9154228855721394,0.5302593659942363,0.8614805462836455,0.8252019448238656,40,24.22,"{'n_neighbors': 41, 'p': 2, 'weights': 'distance'}",42
clasificacion,KNN,ADASYN,Random Search,1,0.6513157894736842,0.3396584440227704,0.8861386138613861,0.49108367626886146,0.8253428591118973,0.83888687168867,40,26.248,"{'n_neighbors': 39, 'p': 1, 'weights': 'distance'}",43
clasificacion,KNN,ADASYN,Random Search,3,0.6390977443609023,0.33394160583941607,0.905940594059406,0.488,0.8315166203395281,0.8384451709553741,40,24.377,"{'n_neighbors': 40, 'p': 1, 'weights': 'distance'}",45
clasificacion,KNN,ADASYN,Random Search,2,0.6644736842105263,0.34714003944773175,0.8712871287128713,0.49647390691114246,0.8309739036548667,0.8380213455606987,40,25.802,"{'n_neighbors': 37, 'p': 1, 'weights': 'distance'}",44
clasificacion,KNN,ADASYN,Random Search,4,0.7058270676691729,0.3821656050955414,0.8910891089108911,0.5349182763744428,0.8499173003147182,0.82703782119119,40,26.068,"{'n_neighbors': 38, 'p': 1, 'weights': 'distance'}",46
clasificacion,KNN,ADASYN,Bayesiano,0,0.6889097744360902,0.3684210526315789,0.9054726368159204,0.5237410071942447,0.863855692568444,0.8259843068477849,40,28.908,"{'n_neighbors': 41, 'weights': 'distance', 'p': 1}",42
clasificacion,Naive Bayes,SMOTE,Grid Search,0,0.643796992481203,0.322,0.8009950248756219,0.4593437945791726,0.7778200538443356,0.7508595365087146,40,4.383,{'var_smoothing': 1e-05},42
clasificacion,KNN,ADASYN,Bayesiano,1,0.6466165413533834,0.33646616541353386,0.8861386138613861,0.4877384196185286,0.8255094070892007,0.8392876929357995,40,27.824,"{'n_neighbors': 41, 'weights': 'distance', 'p': 1}",43
clasificacion,Naive Bayes,SMOTE,Grid Search,1,0.6343984962406015,0.31411530815109345,0.7821782178217822,0.4482269503546099,0.7627093335783695,0.7621522776098888,40,4.135,{'var_smoothing': 1e-11},43
clasificacion,Naive Bayes,SMOTE,Grid Search,2,0.6174812030075187,0.2954091816367265,0.7326732673267327,0.42105263157894735,0.7530093496588638,0.7548899610715994,40,4.01,{'var_smoothing': 1e-05},44
clasificacion,KNN,ADASYN,Bayesiano,2,0.6729323308270677,0.3528225806451613,0.8663366336633663,0.501432664756447,0.8315137488226781,0.8384405433986654,40,28.852,"{'n_neighbors': 35, 'weights': 'distance', 'p': 1}",44
clasificacion,KNN,ADASYN,Bayesiano,4,0.7058270676691729,0.3821656050955414,0.8910891089108911,0.5349182763744428,0.8500895913257218,0.8274164077527822,40,25.962,"{'n_neighbors': 41, 'weights': 'distance', 'p': 1}",46
clasificacion,Naive Bayes,SMOTE,Grid Search,3,0.606203007518797,0.295668549905838,0.7772277227722773,0.42837653478854026,0.7475534676437483,0.7660018749364936,40,4.265,{'var_smoothing': 7.01704e-06},45
clasificacion,KNN,ADASYN,Bayesiano,3,0.6372180451127819,0.33211678832116787,0.900990099009901,0.48533333333333334,0.8314247318003262,0.8387831152933082,40,27.179,"{'n_neighbors': 41, 'weights': 'distance', 'p': 1}",45
clasificacion,KNN,ADASYN,Genético,0,0.6889097744360902,0.3684210526315789,0.9054726368159204,0.5237410071942447,0.863855692568444,0.8259843068477849,40,24.863,"{'n_neighbors': 41, 'weights': 'distance', 'p': 1}",42
clasificacion,Naive Bayes,SMOTE,Grid Search,4,0.6296992481203008,0.3064516129032258,0.7524752475247525,0.4355300859598854,0.7513955571891295,0.7558109916217731,40,4.043,{'var_smoothing': 7.01704e-06},46
clasificacion,Naive Bayes,ADASYN,Grid Search,0,0.6296992481203008,0.3182674199623352,0.8407960199004975,0.46174863387978143,0.782870122158616,0.7543376657394413,40,7.563,{'var_smoothing': 1e-05},42
clasificacion,Naive Bayes,ADASYN,Grid Search,1,0.6071428571428571,0.2992565055762082,0.7970297029702971,0.43513513513513513,0.7603834049298202,0.7622837332308509,40,8.053,{'var_smoothing': 1e-11},43
clasificacion,Naive Bayes,ADASYN,Grid Search,3,0.5789473684210527,0.2834507042253521,0.7970297029702971,0.41818181818181815,0.7463244584319221,0.761850835124173,40,7.566,{'var_smoothing': 1e-11},45
clasificacion,Naive Bayes,ADASYN,Grid Search,2,0.5958646616541353,0.28651685393258425,0.7574257425742574,0.4157608695652174,0.7499885139325998,0.7522758834054523,40,7.942,{'var_smoothing': 4.92388e-06},44
clasificacion,Naive Bayes,ADASYN,Grid Search,4,0.625,0.3079922027290448,0.7821782178217822,0.44195804195804195,0.7590854793135925,0.7581843660043338,40,7.59,{'var_smoothing': 7.01704e-06},46
clasificacion,Regresión Logística (L1/L2),SMOTE,Grid Search,0,0.7462406015037594,0.41131105398457585,0.7960199004975125,0.5423728813559322,0.852637161815488,0.8203556462884065,40,7.931,"{'C': 16.2378, 'penalty': 'l1'}",42
clasificacion,KNN,ADASYN,Genético,1,0.6466165413533834,0.33646616541353386,0.8861386138613861,0.4877384196185286,0.8255094070892007,0.8392876929357995,40,26.429,"{'n_neighbors': 41, 'weights': 'distance', 'p': 1}",43
clasificacion,Regresión Logística (L1/L2),SMOTE,Grid Search,1,0.75,0.4166666666666667,0.7920792079207921,0.5460750853242321,0.8145689278904689,0.8307508809777314,40,8.321,"{'C': 0.0206914, 'penalty': 'l2'}",43
clasificacion,Regresión Logística (L1/L2),SMOTE,Grid Search,2,0.7575187969924813,0.425531914893617,0.7920792079207921,0.5536332179930796,0.8324757069674484,0.8251144390694639,40,7.468,"{'C': 2.63665, 'penalty': 'l1'}",44
clasificacion,KNN,ADASYN,Genético,2,0.6719924812030075,0.3515151515151515,0.8613861386138614,0.49928263988522237,0.8315740506765293,0.8383436446400312,40,26.62,"{'n_neighbors': 34, 'weights': 'distance', 'p': 1}",44
clasificacion,KNN,ADASYN,Genético,3,0.6372180451127819,0.33211678832116787,0.900990099009901,0.48533333333333334,0.8314247318003262,0.8387831152933082,40,26.62,"{'n_neighbors': 41, 'weights': 'distance', 'p': 1}",45
clasificacion,Regresión Logística (L1/L2),SMOTE,Grid Search,3,0.7058270676691729,0.36561743341404357,0.7475247524752475,0.49105691056910566,0.7995451517309504,0.8348072614894019,40,7.958,"{'C': 2.63665, 'penalty': 'l2'}",45
clasificacion,KNN,ADASYN,Genético,4,0.7058270676691729,0.38064516129032255,0.8762376237623762,0.5307346326836582,0.8513588017734488,0.8259934150744875,40,27.384,"{'n_neighbors': 36, 'weights': 'distance', 'p': 1}",46
clasificacion,Regresión Logística (L1/L2),SMOTE,Grid Search,4,0.7518796992481203,0.418848167539267,0.7920792079207921,0.547945205479452,0.834485768762491,0.8258970968118718,40,8.082,"{'C': 0.0206914, 'penalty': 'l2'}",46
clasificacion,Regresión Logística (L1/L2),ADASYN,Grid Search,0,0.731203007518797,0.4,0.845771144278607,0.5431309904153354,0.8532251834685206,0.8178463825915464,40,10.911,"{'C': 0.0206914, 'penalty': 'l2'}",42
clasificacion,Regresión Logística (L1/L2),ADASYN,Grid Search,1,0.7274436090225563,0.397196261682243,0.8415841584158416,0.5396825396825397,0.8134375502515448,0.8301042628054583,40,11.933,"{'C': 0.0112884, 'penalty': 'l2'}",43
clasificacion,Decision Tree,SMOTE,Grid Search,0,0.7593984962406015,0.4143302180685358,0.6616915422885572,0.5095785440613027,0.8086710134149646,0.7872628244245471,32,6.739,"{'criterion': 'entropy', 'max_depth': 14, 'min_samples_leaf': 60}",42
clasificacion,Decision Tree,SMOTE,Grid Search,2,0.7424812030075187,0.4037433155080214,0.7475247524752475,0.5243055555555556,0.8019457398176012,0.7975570786308115,32,6.491,"{'criterion': 'entropy', 'max_depth': 8, 'min_samples_leaf': 60}",44
clasificacion,Regresión Logística (L1/L2),ADASYN,Grid Search,2,0.7340225563909775,0.4033412887828162,0.8366336633663366,0.5442834138486312,0.8307700259585122,0.8238930304325741,40,11.726,"{'C': 0.0206914, 'penalty': 'l2'}",44
clasificacion,Decision Tree,SMOTE,Grid Search,1,0.693609022556391,0.3523809523809524,0.7326732673267327,0.4758842443729904,0.7819283958558269,0.8082356620648525,32,7.08,"{'criterion': 'entropy', 'max_depth': 8, 'min_samples_leaf': 60}",43
clasificacion,Regresión Logística (L1/L2),ADASYN,Grid Search,3,0.6710526315789473,0.3384279475982533,0.7673267326732673,0.4696969696969697,0.7972766534194022,0.8315226696589878,40,11.867,"{'C': 0.233572, 'penalty': 'l1'}",45
clasificacion,Decision Tree,SMOTE,Grid Search,4,0.7236842105263158,0.3743169398907104,0.6782178217821783,0.4823943661971831,0.8111374652546461,0.807403932715166,32,6.351,"{'criterion': 'gini', 'max_depth': 8, 'min_samples_leaf': 60}",46
clasificacion,Regresión Logística (L1/L2),ADASYN,Grid Search,4,0.7208646616541353,0.3903002309468822,0.8366336633663366,0.5322834645669291,0.8355080287611127,0.8238694129661336,40,11.484,"{'C': 0.0112884, 'penalty': 'l2'}",46
clasificacion,Decision Tree,SMOTE,Grid Search,3,0.6992481203007519,0.3471502590673575,0.6633663366336634,0.4557823129251701,0.7639239852059452,0.8044493519334011,32,7.072,"{'criterion': 'gini', 'max_depth': 14, 'min_samples_leaf': 60}",45
clasificacion,Decision Tree,ADASYN,Grid Search,0,0.7359022556390977,0.3963730569948187,0.7611940298507462,0.5212947189097104,0.8154476747202575,0.7849102236753484,32,9.818,"{'criterion': 'entropy', 'max_depth': 8, 'min_samples_leaf': 60}",42
clasificacion,Decision Tree,ADASYN,Grid Search,1,0.7105263157894737,0.3634020618556701,0.698019801980198,0.47796610169491527,0.7827754933265949,0.7910023004616443,32,9.598,"{'criterion': 'gini', 'max_depth': 8, 'min_samples_leaf': 60}",43
clasificacion,Decision Tree,ADASYN,Grid Search,4,0.7302631578947368,0.38605898123324395,0.7128712871287128,0.5008695652173913,0.7936728997725759,0.7954029648154236,32,9.295,"{'criterion': 'entropy', 'max_depth': 14, 'min_samples_leaf': 60}",46
clasificacion,Decision Tree,ADASYN,Grid Search,2,0.7424812030075187,0.3888888888888889,0.6237623762376238,0.4790874524714829,0.7820863292825802,0.789017869664952,32,9.908,"{'criterion': 'entropy', 'max_depth': 14, 'min_samples_leaf': 60}",44
clasificacion,Decision Tree,ADASYN,Grid Search,3,0.6917293233082706,0.3561643835616438,0.7722772277227723,0.4875,0.7830339298431004,0.8024877785191059,32,10.42,"{'criterion': 'gini', 'max_depth': 8, 'min_samples_leaf': 60}",45
clasificacion,SVM,sin_balanceo,Random Search,3,0.8101503759398496,0.0,0.0,0.0,0.8071719004847121,0.8314725219302533,40,43.743,"{'C': np.float64(26.514063174684956), 'gamma': np.float64(0.0002161182070667661)}",45
clasificacion,SVM,sin_balanceo,Random Search,1,0.8364661654135338,0.6627906976744186,0.28217821782178215,0.3958333333333333,0.8251246238312927,0.8254723265872475,40,49.414,"{'C': np.float64(64.88747640235755), 'gamma': np.float64(0.01147532295532215)}",43
clasificacion,SVM,sin_balanceo,Bayesiano,0,0.8458646616541353,0.6989247311827957,0.32338308457711445,0.4421768707482993,0.8496566991231561,0.8227498863299497,40,48.203,"{'C': 29.97836444797777, 'gamma': 0.017272749286613903}",42
clasificacion,SVM,sin_balanceo,Bayesiano,1,0.8336466165413534,0.6470588235294118,0.2722772277227723,0.3832752613240418,0.8224770852955364,0.826400163664241,40,45.673,"{'C': 17.26962763314004, 'gamma': 0.02315103674796825}",43
clasificacion,SVM,sin_balanceo,Random Search,2,0.8345864661654135,0.625,0.3217821782178218,0.42483660130718953,0.8145287266545681,0.8263884271413492,40,49.52,"{'C': np.float64(69.51922161731079), 'gamma': np.float64(0.01919135083034427)}",44
clasificacion,SVM,sin_balanceo,Bayesiano,3,0.8101503759398496,0.0,0.0,0.0,0.8076543153155221,0.832540177897178,40,42.391,"{'C': 0.04025666214981824, 'gamma': 0.010197589843839108}",45
clasificacion,SVM,sin_balanceo,Random Search,4,0.8214285714285714,0.6666666666666666,0.1188118811881188,0.20168067226890757,0.8209838965335048,0.8180012012235055,40,50.505,"{'C': np.float64(29.39852778631515), 'gamma': np.float64(0.004152686389834929)}",46
clasificacion,SVM,sin_balanceo,Random Search,0,0.8411654135338346,0.7580645161290323,0.23383084577114427,0.3574144486692015,0.8451773577074073,0.818195524914063,40,52.674,"{'C': np.float64(5.456725485601478), 'gamma': np.float64(0.015876781526923997)}",42
clasificacion,SVM,sin_balanceo,Bayesiano,2,0.8355263157894737,0.651685393258427,0.2871287128712871,0.39862542955326463,0.8213571937240127,0.8318264922721584,40,45.382,"{'C': 26.77483559672681, 'gamma': 0.013681726421413165}",44
clasificacion,SVM,sin_balanceo,Bayesiano,4,0.8101503759398496,0.0,0.0,0.0,0.8170958627185224,0.8180412657645345,40,44.533,"{'C': 7.572118224011306, 'gamma': 0.0005840990202040267}",46
clasificacion,SVM,sin_balanceo,Genético,0,0.8458646616541353,0.6868686868686869,0.3383084577114428,0.4533333333333333,0.8450851190167356,0.8234304847239181,40,51.061,"{'C': 29.2864, 'gamma': 0.0215443}",42
clasificacion,SVM,sin_balanceo,Genético,4,0.8167293233082706,0.7058823529411765,0.0594059405940594,0.1095890410958904,0.8176529369874341,0.8175495424983339,40,43.966,"{'C': 2.51189, 'gamma': 0.01}",46
clasificacion,SVM,sin_balanceo,Genético,1,0.8355263157894737,0.684931506849315,0.24752475247524752,0.36363636363636365,0.826698215065126,0.8258259968342804,40,51.256,"{'C': 8.57696, 'gamma': 0.0215443}",43
clasificacion,SVM,sin_balanceo,Genético,3,0.8374060150375939,0.6705882352941176,0.28217821782178215,0.397212543554007,0.8124382623877237,0.8315996074196393,40,47.467,"{'C': 4.64159, 'gamma': 0.0215443}",45
clasificacion,SVM,sin_balanceo,Genético,2,0.8364661654135338,0.6590909090909091,0.2871287128712871,0.4,0.8171934942914244,0.8283637209869802,40,47.817,"{'C': 100.0, 'gamma': 0.00464159}",44
clasificacion,SVM,class_weight,Bayesiano,0,0.7528195488721805,0.42010309278350516,0.8109452736318408,0.5534804753820034,0.8659137683540583,0.8398692420301493,40,62.815,"{'C': 7.449374846779673, 'gamma': 0.031461482770219394}",42
clasificacion,SVM,class_weight,Random Search,1,0.7453007518796992,0.4143920595533499,0.8267326732673267,0.5520661157024793,0.8398727343732053,0.845893366257492,40,67.296,"{'C': np.float64(2.7430863878943192), 'gamma': np.float64(0.05013861359373328)}",43
clasificacion,SVM,class_weight,Random Search,3,0.7095864661654135,0.37701149425287356,0.8118811881188119,0.5149136577708007,0.8271002274241346,0.8486728993558229,40,66.216,"{'C': np.float64(7.871354707400013), 'gamma': np.float64(0.021961524626326213)}",45
clasificacion,SVM,class_weight,Random Search,2,0.756578947368421,0.4255874673629243,0.806930693069307,0.5572649572649573,0.8423479818979578,0.8505335091326606,40,66.833,"{'C': np.float64(1.8071656707313954), 'gamma': np.float64(0.09340887623003899)}",44
clasificacion,SVM,class_weight,Random Search,0,0.7546992481203008,0.42462311557788945,0.8407960199004975,0.5642737896494157,0.8674530015046437,0.836864825336978,40,73.744,"{'C': np.float64(5.456725485601478), 'gamma': np.float64(0.015876781526923997)}",42
clasificacion,SVM,class_weight,Bayesiano,1,0.7377819548872181,0.4058679706601467,0.8217821782178217,0.5433715220949263,0.8364671153890332,0.8464144472423604,40,63.308,"{'C': 1.6089429535042652, 'gamma': 0.04351520376830364}",43
clasificacion,SVM,class_weight,Random Search,4,0.7593984962406015,0.43147208121827413,0.8415841584158416,0.5704697986577181,0.8628908134432933,0.8372190311352651,40,73.564,"{'C': np.float64(7.178960878600412), 'gamma': np.float64(0.02709310976560786)}",46
clasificacion,SVM,class_weight,Bayesiano,2,0.7537593984962406,0.422279792746114,0.806930693069307,0.5544217687074829,0.8418713101008477,0.8510071788789103,40,63.33,"{'C': 23.80684807533113, 'gamma': 0.021697742441813415}",44
clasificacion,SVM,class_weight,Bayesiano,4,0.7622180451127819,0.43342036553524804,0.8217821782178217,0.5675213675213675,0.8607199467046472,0.8393062772485558,40,63.188,"{'C': 0.8435848683205375, 'gamma': 0.05561739384825003}",46
clasificacion,SVM,class_weight,Bayesiano,3,0.7133458646616542,0.3816091954022989,0.8217821782178217,0.521193092621664,0.8288116514667708,0.8492841944860473,40,64.408,"{'C': 6.422492925038484, 'gamma': 0.027786214705170433}",45
clasificacion,SVM,class_weight,Genético,0,0.7546992481203008,0.422279792746114,0.8109452736318408,0.555366269165247,0.8656255224457089,0.8405369065435259,40,69.739,"{'C': 4.64159, 'gamma': 0.0464159}",42
clasificacion,SVM,class_weight,Genético,3,0.7095864661654135,0.37757437070938216,0.8168316831683168,0.5164319248826291,0.8248604442810871,0.847892444497336,40,68.39,"{'C': 4.64159, 'gamma': 0.0215443}",45
clasificacion,SVM,class_weight,Genético,4,0.7612781954887218,0.4326424870466321,0.8267326732673267,0.5680272108843537,0.8594966805265213,0.8391847922797218,40,68.556,"{'C': 0.735642, 'gamma': 0.0464159}",46
clasificacion,SVM,class_weight,Genético,1,0.7302631578947368,0.39709443099273606,0.8118811881188119,0.5333333333333333,0.8344168523580897,0.8455034361097313,40,74.362,"{'C': 4.64159, 'gamma': 0.0215443}",43
clasificacion,SVM,class_weight,Genético,2,0.7603383458646616,0.4304461942257218,0.8118811881188119,0.5626072041166381,0.8432840963910776,0.8505777871932545,40,72.243,"{'C': 1.35936, 'gamma': 0.1}",44
clasificacion,KNN,sin_balanceo,Grid Search,0,0.8374060150375939,0.6272727272727273,0.34328358208955223,0.4437299035369775,0.8697647336896053,0.8357340097673204,40,12.613,"{'n_neighbors': 41, 'p': 1, 'weights': 'distance'}",42
clasificacion,KNN,sin_balanceo,Grid Search,1,0.8280075187969925,0.6,0.28217821782178215,0.3838383838383838,0.8333716202246674,0.845023320419407,40,14.283,"{'n_neighbors': 37, 'p': 2, 'weights': 'distance'}",43
clasificacion,KNN,sin_balanceo,Grid Search,2,0.8411654135338346,0.6410256410256411,0.3712871287128713,0.4702194357366771,0.8391089108910891,0.8416962928295754,40,13.537,"{'n_neighbors': 24, 'p': 2, 'weights': 'distance'}",44
clasificacion,KNN,sin_balanceo,Grid Search,3,0.8289473684210527,0.5892857142857143,0.32673267326732675,0.42038216560509556,0.8260837104592129,0.8466153237163243,40,13.168,"{'n_neighbors': 41, 'p': 1, 'weights': 'distance'}",45
clasificacion,KNN,sin_balanceo,Grid Search,4,0.8336466165413534,0.6436781609195402,0.27722772277227725,0.3875432525951557,0.8523925478394708,0.8407790673886012,40,13.6,"{'n_neighbors': 41, 'p': 1, 'weights': 'distance'}",46
clasificacion,Naive Bayes,SMOTE,Random Search,0,0.643796992481203,0.322,0.8009950248756219,0.4593437945791726,0.7778200538443356,0.7508573805146174,40,3.992,{'var_smoothing': np.float64(5.061576888752306e-06)},42
clasificacion,Naive Bayes,SMOTE,Random Search,1,0.6343984962406015,0.31411530815109345,0.7821782178217822,0.4482269503546099,0.7627093335783695,0.7621522776098888,40,3.995,{'var_smoothing': np.float64(4.901481844781296e-11)},43
clasificacion,Naive Bayes,SMOTE,Random Search,2,0.6174812030075187,0.2954091816367265,0.7326732673267327,0.42105263157894735,0.7530093496588638,0.7548899610715994,40,4.499,{'var_smoothing': np.float64(8.80919220621904e-06)},44
clasificacion,Naive Bayes,SMOTE,Random Search,3,0.606203007518797,0.295668549905838,0.7772277227722773,0.42837653478854026,0.7475534676437483,0.7660018749364936,40,4.427,{'var_smoothing': np.float64(8.591501709669907e-06)},45
clasificacion,Naive Bayes,SMOTE,Random Search,4,0.6296992481203008,0.3064516129032258,0.7524752475247525,0.4355300859598854,0.7513955571891295,0.7558109916217731,40,4.037,{'var_smoothing': np.float64(7.480860372533522e-06)},46
clasificacion,Naive Bayes,SMOTE,Bayesiano,0,0.643796992481203,0.322,0.8009950248756219,0.4593437945791726,0.7778200538443356,0.7508584580427676,40,4.622,{'var_smoothing': 9.709125366514946e-06},42
clasificacion,Naive Bayes,SMOTE,Bayesiano,1,0.6343984962406015,0.31411530815109345,0.7821782178217822,0.4482269503546099,0.7627093335783695,0.7621522776098888,40,4.492,{'var_smoothing': 4.901481844781296e-11},43
clasificacion,Naive Bayes,SMOTE,Bayesiano,2,0.6174812030075187,0.2954091816367265,0.7326732673267327,0.42105263157894735,0.7530093496588638,0.7548899610715994,40,4.749,{'var_smoothing': 8.92736577147395e-06},44
clasificacion,Naive Bayes,SMOTE,Bayesiano,3,0.606203007518797,0.295668549905838,0.7772277227722773,0.42837653478854026,0.7475534676437483,0.7660018749364936,40,4.676,{'var_smoothing': 8.591501709669907e-06},45
clasificacion,Naive Bayes,SMOTE,Bayesiano,4,0.6296992481203008,0.3064516129032258,0.7524752475247525,0.4355300859598854,0.7513955571891295,0.7558109916217731,40,4.885,{'var_smoothing': 7.789568789377164e-06},46
clasificacion,Naive Bayes,SMOTE,Genético,1,0.6343984962406015,0.31411530815109345,0.7821782178217822,0.4482269503546099,0.7627093335783695,0.7621522776098888,40,4.665,{'var_smoothing': 2.66193e-11},43
clasificacion,Naive Bayes,SMOTE,Genético,0,0.643796992481203,0.322,0.8009950248756219,0.4593437945791726,0.7778200538443356,0.7508573805146174,40,5.178,{'var_smoothing': 3.75667e-06},42
clasificacion,Naive Bayes,SMOTE,Genético,3,0.606203007518797,0.295668549905838,0.7772277227722773,0.42837653478854026,0.7475534676437483,0.7660018749364936,40,4.499,{'var_smoothing': 7.21552e-06},45
clasificacion,Naive Bayes,SMOTE,Genético,2,0.6174812030075187,0.2954091816367265,0.7326732673267327,0.42105263157894735,0.7530093496588638,0.7548899610715992,40,5.09,{'var_smoothing': 6.47178e-06},44
clasificacion,Naive Bayes,SMOTE,Genético,4,0.6296992481203008,0.3064516129032258,0.7524752475247525,0.4355300859598854,0.7513955571891295,0.7558109916217731,40,5.052,{'var_smoothing': 8.04474e-06},46
clasificacion,Naive Bayes,ADASYN,Random Search,1,0.6071428571428571,0.2992565055762082,0.7970297029702971,0.43513513513513513,0.7603834049298202,0.7622837332308509,40,7.585,{'var_smoothing': np.float64(4.901481844781296e-11)},43
clasificacion,Naive Bayes,ADASYN,Random Search,0,0.6296992481203008,0.3182674199623352,0.8407960199004975,0.46174863387978143,0.782870122158616,0.7543365912678127,40,8.062,{'var_smoothing': np.float64(1.767016940294792e-09)},42
clasificacion,Naive Bayes,ADASYN,Random Search,3,0.5789473684210527,0.2834507042253521,0.7970297029702971,0.41818181818181815,0.7463244584319221,0.761850835124173,40,7.711,{'var_smoothing': np.float64(1.982751837679909e-08)},45
clasificacion,Naive Bayes,ADASYN,Random Search,2,0.5958646616541353,0.28651685393258425,0.7574257425742574,0.4157608695652174,0.7499885139325998,0.7522758834054523,40,8.132,{'var_smoothing': np.float64(5.79638669942544e-06)},44
clasificacion,Naive Bayes,ADASYN,Random Search,4,0.625,0.3079922027290448,0.7821782178217822,0.44195804195804195,0.7590854793135925,0.7581843660043338,40,7.634,{'var_smoothing': np.float64(8.77318401137872e-06)},46
clasificacion,Naive Bayes,ADASYN,Bayesiano,0,0.6296992481203008,0.3182674199623352,0.8407960199004975,0.46174863387978143,0.782870122158616,0.7543376657394413,40,7.618,{'var_smoothing': 9.551605796230927e-06},42
clasificacion,Naive Bayes,ADASYN,Bayesiano,1,0.6071428571428571,0.2992565055762082,0.7970297029702971,0.43513513513513513,0.7603834049298202,0.7622837332308509,40,8.524,{'var_smoothing': 4.901481844781296e-11},43
clasificacion,Naive Bayes,ADASYN,Bayesiano,2,0.5958646616541353,0.28651685393258425,0.7574257425742574,0.4157608695652174,0.7499885139325998,0.7522758834054523,40,8.099,{'var_smoothing': 8.92736577147395e-06},44
clasificacion,Naive Bayes,ADASYN,Bayesiano,4,0.625,0.3079922027290448,0.7821782178217822,0.44195804195804195,0.7590854793135925,0.7581843660043338,40,8.085,{'var_smoothing': 6.631711853323775e-06},46
clasificacion,Naive Bayes,ADASYN,Bayesiano,3,0.5789473684210527,0.2834507042253521,0.7970297029702971,0.41818181818181815,0.7463244584319221,0.761850835124173,40,8.485,{'var_smoothing': 1.982751837679909e-08},45
clasificacion,Naive Bayes,ADASYN,Genético,1,0.6071428571428571,0.2992565055762082,0.7970297029702971,0.43513513513513513,0.7603834049298202,0.7622837332308509,40,7.814,{'var_smoothing': 2.66193e-11},43
clasificacion,Naive Bayes,ADASYN,Genético,3,0.5789473684210527,0.2834507042253521,0.7970297029702971,0.41818181818181815,0.7463244584319221,0.761850835124173,40,7.638,{'var_smoothing': 1.81904e-08},45
clasificacion,Regresión Logística (L1/L2),SMOTE,Random Search,0,0.7471804511278195,0.4128205128205128,0.8009950248756219,0.544839255499154,0.8528504637876665,0.8203502997717665,40,6.352,"{'C': np.float64(0.9761125443110458), 'penalty': 'l2'}",42
clasificacion,Naive Bayes,ADASYN,Genético,0,0.6296992481203008,0.3182674199623352,0.8407960199004975,0.46174863387978143,0.782870122158616,0.7543376657394413,40,8.332,{'var_smoothing': 8.96925e-06},42
clasificacion,Naive Bayes,ADASYN,Genético,4,0.625,0.3079922027290448,0.7821782178217822,0.44195804195804195,0.7590854793135925,0.7581843660043338,40,7.897,{'var_smoothing': 8.04474e-06},46
clasificacion,Naive Bayes,ADASYN,Genético,2,0.5958646616541353,0.28651685393258425,0.7574257425742574,0.4157608695652174,0.7499885139325998,0.7522758834054523,40,9.019,{'var_smoothing': 5.8047e-06},44
clasificacion,Regresión Logística (L1/L2),SMOTE,Random Search,1,0.7518796992481203,0.418848167539267,0.7920792079207921,0.547945205479452,0.8142013737336612,0.8307778745114843,40,7.829,"{'C': np.float64(0.01595688443788224), 'penalty': 'l2'}",43
clasificacion,Regresión Logística (L1/L2),SMOTE,Bayesiano,1,0.75,0.4166666666666667,0.7920792079207921,0.5460750853242321,0.8148043922721737,0.8308112037982257,40,6.163,"{'C': 0.026999195153064696, 'penalty': 'l2'}",43
clasificacion,Regresión Logística (L1/L2),SMOTE,Random Search,2,0.7584586466165414,0.42782152230971127,0.806930693069307,0.5591766723842195,0.8327973168546553,0.8251252603029955,40,8.265,"{'C': np.float64(0.18877587137482663), 'penalty': 'l2'}",44
clasificacion,Regresión Logística (L1/L2),SMOTE,Bayesiano,2,0.7575187969924813,0.4263157894736842,0.801980198019802,0.5567010309278351,0.8327054283154532,0.8251716080804109,40,6.885,"{'C': 0.2674859131244322, 'penalty': 'l2'}",44
clasificacion,Regresión Logística (L1/L2),SMOTE,Random Search,3,0.7039473684210527,0.363855421686747,0.7475247524752475,0.48946515397082657,0.7996657554386529,0.8347976125014648,40,8.778,"{'C': np.float64(0.5307307889158821), 'penalty': 'l1'}",45
clasificacion,Regresión Logística (L1/L2),SMOTE,Bayesiano,4,0.7509398496240601,0.4177545691906005,0.7920792079207921,0.5470085470085471,0.8344972548298912,0.8259172303644057,40,6.88,"{'C': 0.03158924528737895, 'penalty': 'l2'}",46
clasificacion,Regresión Logística (L1/L2),SMOTE,Random Search,4,0.7509398496240601,0.4177545691906005,0.7920792079207921,0.5470085470085471,0.8344972548298913,0.8259261469332954,40,8.534,"{'C': np.float64(0.02187765964748968), 'penalty': 'l2'}",46
clasificacion,Regresión Logística (L1/L2),SMOTE,Bayesiano,3,0.7058270676691729,0.36561743341404357,0.7475247524752475,0.49105691056910566,0.7997519009441549,0.8347997187923487,40,9.183,"{'C': 1.0504337341846874, 'penalty': 'l2'}",45
clasificacion,Regresión Logística (L1/L2),SMOTE,Bayesiano,0,0.7462406015037594,0.41131105398457585,0.7960199004975125,0.5423728813559322,0.852631396897321,0.8203588755732035,40,10.846,"{'C': 14.668674169736335, 'penalty': 'l1'}",42
clasificacion,Regresión Logística (L1/L2),SMOTE,Genético,0,0.7462406015037594,0.41131105398457585,0.7960199004975125,0.5423728813559322,0.852637161815488,0.8203556293733368,40,7.866,"{'C': 11.1588, 'penalty': 'l1'}",42
clasificacion,Regresión Logística (L1/L2),SMOTE,Genético,1,0.7490601503759399,0.4151436031331593,0.7871287128712872,0.5435897435897435,0.814815878339574,0.8308122541302785,40,6.652,"{'C': 0.032206, 'penalty': 'l2'}",43
clasificacion,Regresión Logística (L1/L2),SMOTE,Genético,2,0.7584586466165414,0.42782152230971127,0.806930693069307,0.5591766723842195,0.8327571156187544,0.8251446586230925,40,7.404,"{'C': 0.200257, 'penalty': 'l2'}",44
clasificacion,Regresión Logística (L1/L2),SMOTE,Genético,3,0.7058270676691729,0.36561743341404357,0.7475247524752475,0.49105691056910566,0.7995566377983507,0.8348051045575081,40,7.652,"{'C': 2.58642, 'penalty': 'l2'}",45
clasificacion,Regresión Logística (L1/L2),SMOTE,Genético,4,0.7509398496240601,0.4177545691906005,0.7920792079207921,0.5470085470085471,0.8345317130320921,0.8259129099360427,40,8.597,"{'C': 0.032206, 'penalty': 'l2'}",46
clasificacion,Regresión Logística (L1/L2),ADASYN,Random Search,0,0.7302631578947368,0.39953271028037385,0.8507462686567164,0.5437201907790143,0.8537036716763806,0.8178227353934843,40,10.238,"{'C': np.float64(0.014271483774997193), 'penalty': 'l2'}",42
clasificacion,Regresión Logística (L1/L2),ADASYN,Random Search,1,0.7255639097744361,0.39485981308411217,0.8366336633663366,0.5365079365079365,0.8135753830603478,0.8299673557735838,40,11.174,"{'C': np.float64(0.012739282822778216), 'penalty': 'l2'}",43
clasificacion,Regresión Logística (L1/L2),ADASYN,Random Search,2,0.7349624060150376,0.40476190476190477,0.8415841584158416,0.5466237942122186,0.8309308309021157,0.8238207975968402,40,12.686,"{'C': np.float64(0.025870277723624706), 'penalty': 'l2'}",44
clasificacion,Regresión Logística (L1/L2),ADASYN,Random Search,4,0.7236842105263158,0.39351851851851855,0.8415841584158416,0.5362776025236593,0.8356975488732167,0.8236557894935754,40,11.345,"{'C': np.float64(0.00564669471485835), 'penalty': 'l2'}",46
clasificacion,Regresión Logística (L1/L2),ADASYN,Bayesiano,0,0.7302631578947368,0.39906103286384975,0.845771144278607,0.5422647527910686,0.8533923660953633,0.8179099352178358,40,9.723,"{'C': 0.0189916975125937, 'penalty': 'l2'}",42
clasificacion,Regresión Logística (L1/L2),ADASYN,Random Search,3,0.6710526315789473,0.3370044052863436,0.7574257425742574,0.46646341463414637,0.7973857710597045,0.831468642266234,40,12.139,"{'C': np.float64(0.7038571461457905), 'penalty': 'l1'}",45
clasificacion,Regresión Logística (L1/L2),ADASYN,Bayesiano,1,0.7274436090225563,0.397196261682243,0.8415841584158416,0.5396825396825397,0.8134720084537456,0.8300945594253258,40,9.487,"{'C': 0.011443017231253034, 'penalty': 'l2'}",43
clasificacion,Regresión Logística (L1/L2),ADASYN,Bayesiano,2,0.7340225563909775,0.4033412887828162,0.8366336633663366,0.5442834138486312,0.8308274562955135,0.823828349671858,40,10.517,"{'C': 0.022760716311760142, 'penalty': 'l2'}",44
clasificacion,Regresión Logística (L1/L2),ADASYN,Bayesiano,4,0.7218045112781954,0.391705069124424,0.8415841584158416,0.5345911949685535,0.8356228894351152,0.8239170492759063,40,9.361,"{'C': 0.009357722927223809, 'penalty': 'l2'}",46
clasificacion,Regresión Logística (L1/L2),ADASYN,Bayesiano,3,0.6719924812030075,0.3384615384615385,0.7623762376237624,0.4687975646879756,0.7971847648802002,0.8315463724649076,40,13.081,"{'C': 0.2755312376622397, 'penalty': 'l1'}",45
clasificacion,Regresión Logística (L1/L2),ADASYN,Genético,0,0.7302631578947368,0.39906103286384975,0.845771144278607,0.5422647527910686,0.8533635415045283,0.8179099326128455,40,10.229,"{'C': 0.0186141, 'penalty': 'l2'}",42
clasificacion,Regresión Logística (L1/L2),ADASYN,Genético,1,0.724624060150376,0.39443155452436196,0.8415841584158416,0.5371248025276462,0.8131561416002389,0.8301560741851404,40,10.036,"{'C': 0.00896151, 'penalty': 'l2'}",43
clasificacion,Decision Tree,SMOTE,Random Search,0,0.7575187969924813,0.42016806722689076,0.746268656716418,0.5376344086021505,0.8206418659887122,0.7855204169294473,40,8.492,"{'criterion': 'gini', 'max_depth': 4, 'min_samples_leaf': 24}",42
clasificacion,Regresión Logística (L1/L2),ADASYN,Genético,4,0.7199248120300752,0.3883720930232558,0.8267326732673267,0.5284810126582279,0.8352783074131078,0.8235788873691897,40,10.792,"{'C': 0.0223463, 'penalty': 'l2'}",46
clasificacion,Regresión Logística (L1/L2),ADASYN,Genético,2,0.7293233082706767,0.39906103286384975,0.8415841584158416,0.5414012738853503,0.8304541591050055,0.8238532172210005,40,11.188,"{'C': 0.0129155, 'penalty': 'l2'}",44
clasificacion,Decision Tree,SMOTE,Random Search,1,0.7161654135338346,0.36486486486486486,0.6683168316831684,0.47202797202797203,0.7878494636006524,0.8034778510525054,40,8.65,"{'criterion': 'gini', 'max_depth': 20, 'min_samples_leaf': 35}",43
clasificacion,Regresión Logística (L1/L2),ADASYN,Genético,3,0.6701127819548872,0.33769063180827885,0.7673267326732673,0.4689863842662632,0.7973800280260045,0.8315528704566867,40,12.481,"{'C': 0.200257, 'penalty': 'l1'}",45
clasificacion,Decision Tree,SMOTE,Random Search,2,0.7415413533834586,0.39775910364145656,0.7029702970297029,0.5080500894454383,0.7905429464060094,0.7972323801991964,40,8.923,"{'criterion': 'gini', 'max_depth': 10, 'min_samples_leaf': 34}",44
clasificacion,Decision Tree,SMOTE,Random Search,4,0.7293233082706767,0.3862433862433862,0.7227722772277227,0.503448275862069,0.8099601433461212,0.7994035108005316,40,8.706,"{'criterion': 'gini', 'max_depth': 10, 'min_samples_leaf': 41}",46
clasificacion,Decision Tree,SMOTE,Random Search,3,0.7039473684210527,0.3569620253164557,0.698019801980198,0.4723618090452261,0.778680710298408,0.8077209022971278,40,9.329,"{'criterion': 'entropy', 'max_depth': 6, 'min_samples_leaf': 10}",45
clasificacion,Decision Tree,SMOTE,Bayesiano,0,0.7528195488721805,0.4143646408839779,0.746268656716418,0.5328596802841918,0.8145656422407084,0.7893551935810512,40,8.177,"{'max_depth': 10, 'min_samples_leaf': 50, 'criterion': 'gini'}",42
clasificacion,Decision Tree,SMOTE,Bayesiano,2,0.7443609022556391,0.4048913043478261,0.7376237623762376,0.5228070175438596,0.8024769704348624,0.7986343596718631,40,8.159,"{'max_depth': 12, 'min_samples_leaf': 53, 'criterion': 'entropy'}",44
clasificacion,Decision Tree,SMOTE,Bayesiano,1,0.7114661654135338,0.3584905660377358,0.6584158415841584,0.4642233856893543,0.7832981093933059,0.808033893277542,40,8.749,"{'max_depth': 8, 'min_samples_leaf': 31, 'criterion': 'gini'}",43
clasificacion,Decision Tree,SMOTE,Bayesiano,3,0.706766917293233,0.3582474226804124,0.6881188118811881,0.4711864406779661,0.772027405756817,0.8053283012112251,40,8.339,"{'max_depth': 5, 'min_samples_leaf': 17, 'criterion': 'gini'}",45
clasificacion,Decision Tree,SMOTE,Genético,0,0.7415413533834586,0.3983516483516483,0.7213930348258707,0.5132743362831859,0.8098182321301949,0.788237027843853,40,8.159,"{'max_depth': 7, 'min_samples_leaf': 60, 'criterion': 'entropy'}",42
clasificacion,Decision Tree,SMOTE,Bayesiano,4,0.7349624060150376,0.3888888888888889,0.693069306930693,0.498220640569395,0.810899129356091,0.8047568389863001,40,9.179,"{'max_depth': 13, 'min_samples_leaf': 59, 'criterion': 'entropy'}",46
clasificacion,Decision Tree,SMOTE,Genético,1,0.7274436090225563,0.3784530386740331,0.6782178217821783,0.4858156028368794,0.7822471342261836,0.8082448008915067,40,8.492,"{'max_depth': 10, 'min_samples_leaf': 60, 'criterion': 'entropy'}",43
clasificacion,Decision Tree,SMOTE,Genético,2,0.743421052631579,0.40431266846361186,0.7425742574257426,0.5235602094240838,0.8095007006501114,0.7961567426464683,40,8.115,"{'max_depth': 10, 'min_samples_leaf': 60, 'criterion': 'entropy'}",44
clasificacion,Decision Tree,SMOTE,Genético,3,0.706766917293233,0.3567708333333333,0.6782178217821783,0.46757679180887374,0.7657560129562839,0.80690741871567,40,8.69,"{'max_depth': 5, 'min_samples_leaf': 19, 'criterion': 'gini'}",45
clasificacion,Decision Tree,SMOTE,Genético,4,0.7340225563909775,0.3839541547277937,0.6633663366336634,0.4863883847549909,0.8093944545266593,0.8060523785589903,40,8.089,"{'max_depth': 17, 'min_samples_leaf': 60, 'criterion': 'gini'}",46
clasificacion,Decision Tree,ADASYN,Random Search,0,0.681390977443609,0.35918367346938773,0.8756218905472637,0.5094066570188133,0.8325521869217065,0.7861318346505111,40,11.969,"{'criterion': 'entropy', 'max_depth': 4, 'min_samples_leaf': 34}",42
clasificacion,Decision Tree,ADASYN,Random Search,2,0.7086466165413534,0.35561497326203206,0.6584158415841584,0.4618055555555556,0.7649893179573177,0.7906683914619445,40,11.873,"{'criterion': 'entropy', 'max_depth': 10, 'min_samples_leaf': 26}",44
clasificacion,Decision Tree,ADASYN,Random Search,1,0.6287593984962406,0.3161904761904762,0.8217821782178217,0.45667125171939477,0.7789535043991638,0.7972785329149449,40,12.196,"{'criterion': 'gini', 'max_depth': 5, 'min_samples_leaf': 3}",43
clasificacion,Decision Tree,ADASYN,Random Search,4,0.7039473684210527,0.3554987212276215,0.6881188118811881,0.4688026981450253,0.7737589304174037,0.7900395815758441,40,11.786,"{'criterion': 'gini', 'max_depth': 11, 'min_samples_leaf': 46}",46
clasificacion,Decision Tree,ADASYN,Random Search,3,0.7236842105263158,0.382051282051282,0.7376237623762376,0.5033783783783784,0.7935379384806229,0.7999043438216961,40,12.893,"{'criterion': 'gini', 'max_depth': 11, 'min_samples_leaf': 53}",45
clasificacion,Decision Tree,ADASYN,Bayesiano,1,0.6278195488721805,0.3148854961832061,0.8168316831683168,0.45454545454545453,0.7764926144586616,0.7985995514800797,40,11.401,"{'max_depth': 5, 'min_samples_leaf': 5, 'criterion': 'gini'}",43
clasificacion,Decision Tree,ADASYN,Bayesiano,0,0.7359022556390977,0.3958333333333333,0.7562189054726368,0.5196581196581197,0.8209531715697296,0.785029190591179,40,12.431,"{'max_depth': 7, 'min_samples_leaf': 58, 'criterion': 'entropy'}",42
clasificacion,Decision Tree,ADASYN,Bayesiano,3,0.7058270676691729,0.36626506024096384,0.7524752475247525,0.49270664505672607,0.7802485584985412,0.8012738642827505,40,11.363,"{'max_depth': 10, 'min_samples_leaf': 45, 'criterion': 'gini'}",45
clasificacion,Decision Tree,ADASYN,Bayesiano,2,0.7669172932330827,0.4201388888888889,0.599009900990099,0.49387755102040815,0.7813770646206153,0.7940911793254889,40,12.618,"{'max_depth': 15, 'min_samples_leaf': 39, 'criterion': 'entropy'}",44
clasificacion,Decision Tree,ADASYN,Bayesiano,4,0.7208646616541353,0.3719676549865229,0.6831683168316832,0.4816753926701571,0.798726769428683,0.7981693040551399,40,11.902,"{'max_depth': 11, 'min_samples_leaf': 57, 'criterion': 'entropy'}",46
clasificacion,Decision Tree,ADASYN,Genético,0,0.7481203007518797,0.40970350404312667,0.7562189054726368,0.5314685314685315,0.8164738301539809,0.7832871906033808,40,12.302,"{'max_depth': 10, 'min_samples_leaf': 60, 'criterion': 'entropy'}",42
clasificacion,Decision Tree,ADASYN,Genético,1,0.6278195488721805,0.3148854961832061,0.8168316831683168,0.45454545454545453,0.7764926144586616,0.7991948857831884,40,12.155,"{'max_depth': 5, 'min_samples_leaf': 6, 'criterion': 'gini'}",43
clasificacion,Decision Tree,ADASYN,Genético,3,0.6484962406015038,0.3300395256916996,0.8267326732673267,0.4717514124293785,0.7592032115044451,0.7964955220921638,40,11.851,"{'max_depth': 5, 'min_samples_leaf': 33, 'criterion': 'gini'}",45
clasificacion,Decision Tree,ADASYN,Genético,2,0.7650375939849624,0.41836734693877553,0.6089108910891089,0.4959677419354839,0.7754961981116906,0.7916622873915747,40,12.339,"{'max_depth': 17, 'min_samples_leaf': 33, 'criterion': 'entropy'}",44
clasificacion,Decision Tree,ADASYN,Genético,4,0.7302631578947368,0.38605898123324395,0.7128712871287128,0.5008695652173913,0.7935207093795227,0.7954029648154236,40,12.043,"{'max_depth': 17, 'min_samples_leaf': 60, 'criterion': 'entropy'}",46
clasificacion,KNN,sin_balanceo,Random Search,0,0.8486842105263158,0.6612903225806451,0.4079601990049751,0.5046153846153846,0.867291583795968,0.8328715020519256,40,13.449,"{'n_neighbors': 24, 'p': 1, 'weights': 'distance'}",42
clasificacion,KNN,sin_balanceo,Random Search,2,0.8402255639097744,0.6333333333333333,0.37623762376237624,0.4720496894409938,0.8377104821851095,0.8414733223395453,40,14.135,"{'n_neighbors': 23, 'p': 2, 'weights': 'distance'}",44
clasificacion,KNN,sin_balanceo,Random Search,3,0.8280075187969925,0.5798319327731093,0.3415841584158416,0.42990654205607476,0.8266522707955252,0.8461490822559575,40,13.213,"{'n_neighbors': 40, 'p': 1, 'weights': 'distance'}",45
clasificacion,KNN,sin_balanceo,Random Search,1,0.8345864661654135,0.6226415094339622,0.32673267326732675,0.42857142857142855,0.8377478119041604,0.8444862396888692,40,15.13,"{'n_neighbors': 26, 'p': 1, 'weights': 'distance'}",43
clasificacion,KNN,sin_balanceo,Random Search,4,0.8336466165413534,0.631578947368421,0.297029702970297,0.40404040404040403,0.8541355585674577,0.8403840754843636,40,15.291,"{'n_neighbors': 38, 'p': 1, 'weights': 'distance'}",46
clasificacion,KNN,sin_balanceo,Bayesiano,0,0.8449248120300752,0.652542372881356,0.38308457711442784,0.4827586206896552,0.8658215296633864,0.836069679097838,40,16.019,"{'n_neighbors': 31, 'weights': 'distance', 'p': 1}",42
clasificacion,KNN,sin_balanceo,Bayesiano,1,0.8364661654135338,0.64,0.31683168316831684,0.423841059602649,0.840992625944729,0.8445884102703908,40,15.43,"{'n_neighbors': 28, 'weights': 'distance', 'p': 1}",43
clasificacion,Naive Bayes,sin_balanceo,Grid Search,0,0.7330827067669173,0.38440111420612816,0.6865671641791045,0.4928571428571429,0.7850838507347389,0.7582279901081851,40,2.952,{'var_smoothing': 1e-11},42
clasificacion,Naive Bayes,sin_balanceo,Grid Search,2,0.724624060150376,0.37669376693766937,0.6881188118811881,0.4868651488616462,0.759246284257196,0.7597618493984201,40,2.632,{'var_smoothing': 1e-11},44
clasificacion,Naive Bayes,sin_balanceo,Grid Search,1,0.7424812030075187,0.3953488372093023,0.6732673267326733,0.4981684981684982,0.7655521352599297,0.7693165137659849,40,3.159,{'var_smoothing': 1e-11},43
clasificacion,Naive Bayes,sin_balanceo,Grid Search,3,0.6954887218045113,0.34517766497461927,0.6732673267326733,0.4563758389261745,0.7528370586478601,0.7708785619678795,40,2.652,{'var_smoothing': 3.45511e-06},45
clasificacion,KNN,sin_balanceo,Bayesiano,2,0.8402255639097744,0.6428571428571429,0.3564356435643564,0.4585987261146497,0.839674599710551,0.8417947145696859,40,15.041,"{'n_neighbors': 25, 'weights': 'distance', 'p': 2}",44
clasificacion,Naive Bayes,sin_balanceo,Grid Search,4,0.7359022556390977,0.3834808259587021,0.6435643564356436,0.4805914972273567,0.7599124761664102,0.7620138185248471,40,2.709,{'var_smoothing': 1e-05},46
clasificacion,Naive Bayes,class_weight,Grid Search,0,0.6484962406015038,0.3273453093812375,0.8159203980099502,0.4672364672364672,0.7850838507347389,0.7582279901081851,40,2.921,{'var_smoothing': 1e-11},42
clasificacion,KNN,sin_balanceo,Bayesiano,3,0.8289473684210527,0.5892857142857143,0.32673267326732675,0.42038216560509556,0.8260837104592129,0.8466153237163243,40,15.944,"{'n_neighbors': 41, 'weights': 'distance', 'p': 1}",45
clasificacion,Naive Bayes,class_weight,Grid Search,1,0.6334586466165414,0.31274900398406374,0.7772277227722773,0.4460227272727273,0.7655521352599297,0.7693165137659849,40,3.337,{'var_smoothing': 1e-11},43
clasificacion,KNN,sin_balanceo,Genético,0,0.8374060150375939,0.6272727272727273,0.34328358208955223,0.4437299035369775,0.8697647336896053,0.8357340097673204,40,14.893,"{'n_neighbors': 41, 'weights': 'distance', 'p': 1}",42
clasificacion,KNN,sin_balanceo,Bayesiano,4,0.8355263157894737,0.6551724137931034,0.28217821782178215,0.3944636678200692,0.8517579426156073,0.8412403404032402,40,16.157,"{'n_neighbors': 40, 'weights': 'distance', 'p': 1}",46
clasificacion,Naive Bayes,class_weight,Grid Search,2,0.6146616541353384,0.2952755905511811,0.7425742574257426,0.4225352112676056,0.759246284257196,0.7597618493984201,40,3.088,{'var_smoothing': 1e-11},44
clasificacion,KNN,sin_balanceo,Genético,1,0.8289473684210527,0.6020408163265306,0.29207920792079206,0.3933333333333333,0.8306264501160092,0.8449094358221091,40,15.006,"{'n_neighbors': 36, 'weights': 'distance', 'p': 2}",43
clasificacion,Naive Bayes,class_weight,Grid Search,3,0.6118421052631579,0.3013182674199623,0.7920792079207921,0.43656207366984995,0.7528370586478601,0.7708785619678795,40,3.057,{'var_smoothing': 3.45511e-06},45
clasificacion,Naive Bayes,class_weight,Grid Search,4,0.6400375939849624,0.3149284253578732,0.7623762376237624,0.44573082489146165,0.7599124761664102,0.7620138185248471,40,3.246,{'var_smoothing': 1e-05},46
clasificacion,KNN,sin_balanceo,Genético,2,0.8402255639097744,0.6428571428571429,0.3564356435643564,0.4585987261146497,0.839674599710551,0.8417947145696859,40,15.056,"{'n_neighbors': 25, 'weights': 'distance', 'p': 2}",44
clasificacion,KNN,sin_balanceo,Genético,4,0.8374060150375939,0.6526315789473685,0.3069306930693069,0.4175084175084175,0.8553157519928327,0.840738206189466,40,14.932,"{'n_neighbors': 36, 'weights': 'distance', 'p': 1}",46
clasificacion,KNN,sin_balanceo,Genético,3,0.8289473684210527,0.5892857142857143,0.32673267326732675,0.42038216560509556,0.8260837104592129,0.8466153237163243,40,15.142,"{'n_neighbors': 41, 'weights': 'distance', 'p': 1}",45
clasificacion,Decision Tree,sin_balanceo,Grid Search,0,0.8280075187969925,0.5592105263157895,0.4228855721393035,0.48158640226628896,0.8272686394216633,0.7906407804413126,32,3.394,"{'criterion': 'gini', 'max_depth': 8, 'min_samples_leaf': 60}",42
clasificacion,Regresión Logística (L1/L2),class_weight,Grid Search,0,0.7471804511278195,0.41414141414141414,0.8159203980099502,0.5494137353433836,0.8544185215290869,0.8211908209807781,40,5.605,"{'C': 100.0, 'penalty': 'l2'}",42
clasificacion,Regresión Logística (L1/L2),class_weight,Grid Search,2,0.7584586466165414,0.42744063324538256,0.801980198019802,0.5576592082616179,0.8334405366290689,0.8260303351839339,40,5.303,"{'C': 8.85867, 'penalty': 'l2'}",44
clasificacion,Regresión Logística (L1/L2),class_weight,Grid Search,1,0.7546992481203008,0.4225721784776903,0.7970297029702971,0.5523156089193825,0.8144081229468655,0.8313056851238612,40,6.63,"{'C': 0.0379269, 'penalty': 'l2'}",43
clasificacion,Regresión Logística (L1/L2),sin_balanceo,Grid Search,3,0.8176691729323309,0.5357142857142857,0.297029702970297,0.3821656050955414,0.8018251361098987,0.8351192316783523,40,8.694,"{'C': 1.43845, 'penalty': 'l2'}",45
clasificacion,Regresión Logística (L1/L2),sin_balanceo,Grid Search,2,0.818609022556391,0.5384615384615384,0.3118811881188119,0.3949843260188088,0.8329294066297581,0.8264302941272043,40,9.181,"{'C': 100.0, 'penalty': 'l2'}",44
clasificacion,Regresión Logística (L1/L2),class_weight,Grid Search,4,0.7443609022556391,0.40932642487046633,0.7821782178217822,0.5374149659863946,0.8371677655004479,0.8263440824972056,40,5.387,"{'C': 0.428133, 'penalty': 'l1'}",46
clasificacion,Regresión Logística (L1/L2),class_weight,Grid Search,3,0.7011278195488722,0.3619047619047619,0.7524752475247525,0.4887459807073955,0.8005386965610715,0.8347017190606524,40,6.525,"{'C': 2.63665, 'penalty': 'l1'}",45
clasificacion,Regresión Logística (L1/L2),sin_balanceo,Grid Search,1,0.8167293233082706,0.5333333333333333,0.27722772277227725,0.36482084690553745,0.8162056924950035,0.8313547431330909,40,9.991,"{'C': 0.127427, 'penalty': 'l2'}",43
clasificacion,Regresión Logística (L1/L2),sin_balanceo,Grid Search,4,0.8242481203007519,0.5842696629213483,0.25742574257425743,0.35738831615120276,0.8360995612322253,0.8269175628601461,40,10.039,"{'C': 0.428133, 'penalty': 'l1'}",46
clasificacion,Regresión Logística (L1/L2),sin_balanceo,Grid Search,0,0.8392857142857143,0.65625,0.31343283582089554,0.42424242424242425,0.8545107602197587,0.8213953357751018,40,10.809,"{'C': 29.7635, 'penalty': 'l1'}",42
clasificacion,Decision Tree,sin_balanceo,Grid Search,1,0.8167293233082706,0.528,0.32673267326732675,0.4036697247706422,0.8064052054857458,0.8088691252970647,32,3.346,"{'criterion': 'entropy', 'max_depth': 8, 'min_samples_leaf': 60}",43
clasificacion,Decision Tree,sin_balanceo,Grid Search,2,0.8214285714285714,0.5576923076923077,0.2871287128712871,0.3790849673202614,0.7924237899427994,0.8030885571996534,32,3.343,"{'criterion': 'entropy', 'max_depth': 8, 'min_samples_leaf': 60}",44
clasificacion,Decision Tree,sin_balanceo,Grid Search,3,0.8176691729323309,0.5350877192982456,0.30198019801980197,0.3860759493670886,0.7807137442282512,0.8083030516506883,32,3.471,"{'criterion': 'gini', 'max_depth': 14, 'min_samples_leaf': 60}",45
clasificacion,Decision Tree,sin_balanceo,Grid Search,4,0.8280075187969925,0.5904761904761905,0.3069306930693069,0.40390879478827363,0.8350744297167535,0.8037759216909933,32,3.546,"{'criterion': 'gini', 'max_depth': 8, 'min_samples_leaf': 60}",46
clasificacion,Decision Tree,class_weight,Grid Search,0,0.7359022556390977,0.400990099009901,0.8059701492537313,0.5355371900826447,0.8360572571672344,0.7969835734857309,32,3.525,"{'criterion': 'entropy', 'max_depth': 14, 'min_samples_leaf': 60}",42
clasificacion,Decision Tree,class_weight,Grid Search,3,0.6917293233082706,0.352112676056338,0.7425742574257426,0.47770700636942676,0.7847855551216375,0.8043667592600018,32,3.266,"{'criterion': 'entropy', 'max_depth': 8, 'min_samples_leaf': 60}",45
clasificacion,Decision Tree,class_weight,Grid Search,2,0.7086466165413534,0.365,0.7227722772277227,0.4850498338870432,0.7876944016907492,0.8036800390348405,32,3.539,"{'criterion': 'entropy', 'max_depth': 8, 'min_samples_leaf': 60}",44
clasificacion,Decision Tree,class_weight,Grid Search,1,0.706766917293233,0.37209302325581395,0.7920792079207921,0.5063291139240507,0.8061467689692403,0.8107573367686695,32,3.675,"{'criterion': 'gini', 'max_depth': 14, 'min_samples_leaf': 60}",43
clasificacion,Decision Tree,class_weight,Grid Search,4,0.7039473684210527,0.3682983682983683,0.7821782178217822,0.5007923930269413,0.816182720360203,0.7945427888163458,32,3.256,"{'criterion': 'gini', 'max_depth': 8, 'min_samples_leaf': 60}",46
clasificacion,Naive Bayes,sin_balanceo,Random Search,0,0.7330827067669173,0.38440111420612816,0.6865671641791045,0.4928571428571429,0.7850838507347389,0.7582279901081851,40,3.362,{'var_smoothing': np.float64(1.767016940294792e-09)},42
clasificacion,Naive Bayes,sin_balanceo,Random Search,1,0.7424812030075187,0.3953488372093023,0.6732673267326733,0.4981684981684982,0.7655521352599297,0.7693165137659849,40,3.346,{'var_smoothing': np.float64(4.901481844781296e-11)},43
clasificacion,Naive Bayes,sin_balanceo,Random Search,2,0.724624060150376,0.37669376693766937,0.6881188118811881,0.4868651488616462,0.759246284257196,0.7597618493984201,40,2.754,{'var_smoothing': np.float64(1.0210638297806332e-06)},44
clasificacion,Naive Bayes,sin_balanceo,Random Search,3,0.6954887218045113,0.34517766497461927,0.6732673267326733,0.4563758389261745,0.7528370586478601,0.7708785619678795,40,2.964,{'var_smoothing': np.float64(8.591501709669907e-06)},45
clasificacion,Naive Bayes,sin_balanceo,Random Search,4,0.7359022556390977,0.3834808259587021,0.6435643564356436,0.4805914972273567,0.7599124761664102,0.7620127409966967,40,3.306,{'var_smoothing': np.float64(8.77318401137872e-06)},46
clasificacion,Naive Bayes,sin_balanceo,Bayesiano,0,0.7330827067669173,0.38440111420612816,0.6865671641791045,0.4928571428571429,0.7850838507347389,0.7582279901081851,40,3.29,{'var_smoothing': 1.767016940294792e-09},42
clasificacion,Naive Bayes,sin_balanceo,Bayesiano,1,0.7424812030075187,0.3953488372093023,0.6732673267326733,0.4981684981684982,0.7655521352599297,0.7693165137659849,40,3.083,{'var_smoothing': 4.901481844781296e-11},43
clasificacion,Naive Bayes,sin_balanceo,Bayesiano,3,0.6954887218045113,0.34517766497461927,0.6732673267326733,0.4563758389261745,0.7528370586478601,0.7708785619678795,40,3.463,{'var_smoothing': 8.591501709669907e-06},45
clasificacion,Naive Bayes,sin_balanceo,Bayesiano,2,0.724624060150376,0.37669376693766937,0.6881188118811881,0.4868651488616462,0.759246284257196,0.7597618493984201,40,3.615,{'var_smoothing': 1.0210638297806332e-06},44
clasificacion,Naive Bayes,sin_balanceo,Bayesiano,4,0.7359022556390977,0.3834808259587021,0.6435643564356436,0.4805914972273567,0.7599124761664102,0.7620105850025993,40,3.186,{'var_smoothing': 5.046544472769123e-07},46
clasificacion,Naive Bayes,sin_balanceo,Genético,0,0.7330827067669173,0.38440111420612816,0.6865671641791045,0.4928571428571429,0.7850838507347389,0.7582279901081851,40,3.043,{'var_smoothing': 2.10298e-10},42
clasificacion,Naive Bayes,sin_balanceo,Genético,1,0.7424812030075187,0.3953488372093023,0.6732673267326733,0.4981684981684982,0.7655521352599297,0.7693165137659849,40,3.177,{'var_smoothing': 2.66193e-11},43
clasificacion,Naive Bayes,sin_balanceo,Genético,2,0.724624060150376,0.37669376693766937,0.6881188118811881,0.4868651488616462,0.759246284257196,0.7597618493984201,40,3.4,{'var_smoothing': 8.19192e-07},44
clasificacion,Naive Bayes,sin_balanceo,Genético,4,0.7359022556390977,0.3834808259587021,0.6435643564356436,0.4805914972273567,0.7599124761664102,0.7620127409966967,40,3.427,{'var_smoothing': 8.04474e-06},46
clasificacion,Naive Bayes,sin_balanceo,Genético,3,0.6954887218045113,0.34517766497461927,0.6732673267326733,0.4563758389261745,0.7528370586478601,0.7708785619678795,40,3.959,{'var_smoothing': 7.21552e-06},45
clasificacion,Naive Bayes,class_weight,Random Search,0,0.6484962406015038,0.3273453093812375,0.8159203980099502,0.4672364672364672,0.7850838507347389,0.7582279901081851,40,3.923,{'var_smoothing': np.float64(1.767016940294792e-09)},42
clasificacion,Naive Bayes,class_weight,Random Search,2,0.6146616541353384,0.2952755905511811,0.7425742574257426,0.4225352112676056,0.759246284257196,0.7597618493984201,40,3.38,{'var_smoothing': np.float64(1.0210638297806332e-06)},44
clasificacion,Naive Bayes,class_weight,Random Search,1,0.6334586466165414,0.31274900398406374,0.7772277227722773,0.4460227272727273,0.7655521352599297,0.7693165137659849,40,3.617,{'var_smoothing': np.float64(4.901481844781296e-11)},43
clasificacion,Naive Bayes,class_weight,Random Search,3,0.6118421052631579,0.3013182674199623,0.7920792079207921,0.43656207366984995,0.7528370586478601,0.7708785619678795,40,3.902,{'var_smoothing': np.float64(8.591501709669907e-06)},45
clasificacion,Naive Bayes,class_weight,Random Search,4,0.6400375939849624,0.3149284253578732,0.7623762376237624,0.44573082489146165,0.7599124761664102,0.7620127409966967,40,3.386,{'var_smoothing': np.float64(8.77318401137872e-06)},46
clasificacion,Naive Bayes,class_weight,Bayesiano,1,0.6334586466165414,0.31274900398406374,0.7772277227722773,0.4460227272727273,0.7655521352599297,0.7693165137659849,40,3.596,{'var_smoothing': 4.901481844781296e-11},43
clasificacion,Naive Bayes,class_weight,Bayesiano,0,0.6484962406015038,0.3273453093812375,0.8159203980099502,0.4672364672364672,0.7850838507347389,0.7582279901081851,40,3.842,{'var_smoothing': 1.767016940294792e-09},42
clasificacion,Naive Bayes,class_weight,Bayesiano,2,0.6146616541353384,0.2952755905511811,0.7425742574257426,0.4225352112676056,0.759246284257196,0.7597618493984201,40,3.501,{'var_smoothing': 1.0210638297806332e-06},44
clasificacion,Naive Bayes,class_weight,Bayesiano,3,0.6118421052631579,0.3013182674199623,0.7920792079207921,0.43656207366984995,0.7528370586478601,0.7708785619678795,40,3.309,{'var_smoothing': 8.591501709669907e-06},45
clasificacion,Naive Bayes,class_weight,Bayesiano,4,0.6400375939849624,0.3149284253578732,0.7623762376237624,0.44573082489146165,0.7599124761664102,0.7620105850025993,40,3.209,{'var_smoothing': 5.046544472769123e-07},46
clasificacion,Naive Bayes,class_weight,Genético,0,0.6484962406015038,0.3273453093812375,0.8159203980099502,0.4672364672364672,0.7850838507347389,0.7582279901081851,40,3.066,{'var_smoothing': 2.10298e-10},42
clasificacion,Naive Bayes,class_weight,Genético,1,0.6334586466165414,0.31274900398406374,0.7772277227722773,0.4460227272727273,0.7655521352599297,0.7693165137659849,40,3.049,{'var_smoothing': 2.66193e-11},43
clasificacion,Naive Bayes,class_weight,Genético,2,0.6146616541353384,0.2952755905511811,0.7425742574257426,0.4225352112676056,0.759246284257196,0.7597618493984201,40,2.968,{'var_smoothing': 8.19192e-07},44
clasificacion,Naive Bayes,class_weight,Genético,3,0.6118421052631579,0.3013182674199623,0.7920792079207921,0.43656207366984995,0.7528370586478601,0.7708785619678795,40,3.048,{'var_smoothing': 7.21552e-06},45
clasificacion,Naive Bayes,class_weight,Genético,4,0.6400375939849624,0.3149284253578732,0.7623762376237624,0.44573082489146165,0.7599124761664102,0.7620127409966967,40,3.029,{'var_smoothing': 8.04474e-06},46
clasificacion,Regresión Logística (L1/L2),sin_balanceo,Random Search,0,0.8392857142857143,0.6595744680851063,0.30845771144278605,0.42033898305084744,0.8549950133457855,0.8214199593929611,40,4.377,"{'C': np.float64(0.5414413211338525), 'penalty': 'l2'}",42
clasificacion,Regresión Logística (L1/L2),sin_balanceo,Bayesiano,1,0.8167293233082706,0.5333333333333333,0.27722772277227725,0.36482084690553745,0.8162516367646043,0.8313784450012142,40,6.393,"{'C': 0.13498588429418254, 'penalty': 'l2'}",43
clasificacion,Regresión Logística (L1/L2),sin_balanceo,Random Search,2,0.818609022556391,0.5384615384615384,0.3118811881188119,0.3949843260188088,0.8329351496634582,0.8264227504923549,40,9.936,"{'C': np.float64(81.22844269151064), 'penalty': 'l1'}",44
clasificacion,Regresión Logística (L1/L2),sin_balanceo,Bayesiano,4,0.825187969924812,0.5909090909090909,0.25742574257425743,0.3586206896551724,0.8359444993223221,0.826990882601995,40,7.908,"{'C': 0.3464569101996518, 'penalty': 'l1'}",46
clasificacion,Regresión Logística (L1/L2),sin_balanceo,Bayesiano,3,0.8176691729323309,0.5357142857142857,0.297029702970297,0.3821656050955414,0.8017447336380971,0.8351246090033433,40,8.864,"{'C': 1.6056774017152027, 'penalty': 'l2'}",45
clasificacion,Regresión Logística (L1/L2),sin_balanceo,Random Search,1,0.8176691729323309,0.5384615384615384,0.27722772277227725,0.3660130718954248,0.8158266522707954,0.8312685596369865,40,11.148,"{'C': np.float64(0.10520253754578332), 'penalty': 'l2'}",43
clasificacion,Regresión Logística (L1/L2),sin_balanceo,Random Search,3,0.8176691729323309,0.5357142857142857,0.297029702970297,0.3821656050955414,0.8017849348739978,0.8351170709952725,40,10.862,"{'C': np.float64(1.5667352545411235), 'penalty': 'l2'}",45
clasificacion,Regresión Logística (L1/L2),sin_balanceo,Random Search,4,0.825187969924812,0.5909090909090909,0.25742574257425743,0.3586206896551724,0.8360019296593232,0.826952068143668,40,11.211,"{'C': np.float64(0.3702391885440852), 'penalty': 'l1'}",46
clasificacion,Regresión Logística (L1/L2),sin_balanceo,Genético,0,0.8392857142857143,0.65625,0.31343283582089554,0.42424242424242425,0.8545049953015917,0.8213910308377473,40,10.063,"{'C': 33.4048, 'penalty': 'l1'}",42
clasificacion,Regresión Logística (L1/L2),sin_balanceo,Genético,2,0.818609022556391,0.5384615384615384,0.3118811881188119,0.3949843260188088,0.8329236635960581,0.8264238270827088,40,6.802,"{'C': 83.2981, 'penalty': 'l2'}",44
clasificacion,Regresión Logística (L1/L2),sin_balanceo,Genético,3,0.8176691729323309,0.5357142857142857,0.297029702970297,0.3821656050955414,0.8017619627391974,0.8351170719330692,40,5.226,"{'C': 1.7946, 'penalty': 'l2'}",45
clasificacion,Regresión Logística (L1/L2),class_weight,Random Search,0,0.7471804511278195,0.41414141414141414,0.8159203980099502,0.5494137353433836,0.8544358162835879,0.821192976731743,40,4.575,"{'C': np.float64(63.95288218539363), 'penalty': 'l1'}",42
clasificacion,Regresión Logística (L1/L2),sin_balanceo,Bayesiano,0,0.8392857142857143,0.6595744680851063,0.30845771144278605,0.42033898305084744,0.8550007782639526,0.8214059705608007,40,14.474,"{'C': 0.6528631771558177, 'penalty': 'l2'}",42
clasificacion,Regresión Logística (L1/L2),class_weight,Random Search,2,0.7575187969924813,0.4263157894736842,0.801980198019802,0.5567010309278351,0.8334233075279686,0.8260303314327482,40,5.066,"{'C': np.float64(25.88558055379331), 'penalty': 'l2'}",44
clasificacion,Regresión Logística (L1/L2),class_weight,Random Search,1,0.7518796992481203,0.41842105263157897,0.7871287128712872,0.5463917525773195,0.8154476120465876,0.8313195523203453,40,6.074,"{'C': np.float64(0.09626561980411079), 'penalty': 'l2'}",43
clasificacion,Regresión Logística (L1/L2),class_weight,Random Search,4,0.7443609022556391,0.40932642487046633,0.7821782178217822,0.5374149659863946,0.8371103351634469,0.8263052896081975,40,5.465,"{'C': np.float64(0.3702391885440852), 'penalty': 'l1'}",46
clasificacion,Regresión Logística (L1/L2),sin_balanceo,Genético,1,0.8167293233082706,0.5333333333333333,0.27722772277227725,0.36482084690553745,0.8162344076635042,0.831366575311223,40,14.518,"{'C': 0.13895, 'penalty': 'l2'}",43
clasificacion,Regresión Logística (L1/L2),sin_balanceo,Genético,4,0.825187969924812,0.5909090909090909,0.25742574257425743,0.3586206896551724,0.8359444993223221,0.8269898050738447,40,8.22,"{'C': 0.346483, 'penalty': 'l1'}",46
clasificacion,Regresión Logística (L1/L2),class_weight,Bayesiano,1,0.7528195488721805,0.4199475065616798,0.7920792079207921,0.548885077186964,0.8150226275527784,0.8314209478130796,40,5.198,"{'C': 0.05787158412122656, 'penalty': 'l2'}",43
clasificacion,Regresión Logística (L1/L2),class_weight,Bayesiano,3,0.7011278195488722,0.3619047619047619,0.7524752475247525,0.4887459807073955,0.8005099813925708,0.8347060348000329,40,6.143,"{'C': 2.2810065259452337, 'penalty': 'l1'}",45
clasificacion,Regresión Logística (L1/L2),class_weight,Genético,0,0.7471804511278195,0.41414141414141414,0.8159203980099502,0.5494137353433836,0.8544185215290869,0.8211908209807781,40,5.22,"{'C': 100.0, 'penalty': 'l2'}",42
clasificacion,Regresión Logística (L1/L2),sin_balanceo,Bayesiano,2,0.818609022556391,0.5384615384615384,0.3118811881188119,0.3949843260188088,0.8329351496634583,0.8264248999218768,40,20.815,"{'C': 36.817083295760675, 'penalty': 'l1'}",44
clasificacion,Regresión Logística (L1/L2),class_weight,Genético,2,0.7575187969924813,0.4263157894736842,0.801980198019802,0.5567010309278351,0.8334175644942684,0.8260324874268453,40,4.701,"{'C': 23.1782, 'penalty': 'l2'}",44
clasificacion,Regresión Logística (L1/L2),class_weight,Bayesiano,2,0.7575187969924813,0.4263157894736842,0.801980198019802,0.5567010309278351,0.8334118214605684,0.8260367956638541,40,7.827,"{'C': 20.553655353593882, 'penalty': 'l1'}",44
clasificacion,Regresión Logística (L1/L2),class_weight,Bayesiano,4,0.743421052631579,0.4077922077922078,0.7772277227722773,0.534923339011925,0.8373917438147527,0.826368845013143,40,7.328,"{'C': 0.5703347760587553, 'penalty': 'l1'}",46
clasificacion,Regresión Logística (L1/L2),class_weight,Bayesiano,0,0.7462406015037594,0.41309823677581864,0.8159203980099502,0.5484949832775919,0.8544877005470908,0.8211961968122412,40,9.268,"{'C': 6.10552992717358, 'penalty': 'l1'}",42
clasificacion,Regresión Logística (L1/L2),class_weight,Genético,1,0.7528195488721805,0.4199475065616798,0.7920792079207921,0.548885077186964,0.8150053984516781,0.8313939899155932,40,6.676,"{'C': 0.0557226, 'penalty': 'l2'}",43
clasificacion,Regresión Logística (L1/L2),class_weight,Genético,3,0.7011278195488722,0.3619047619047619,0.7524752475247525,0.4887459807073955,0.8005272104936711,0.8347017171850594,40,6.402,"{'C': 2.58642, 'penalty': 'l1'}",45
clasificacion,Decision Tree,sin_balanceo,Random Search,0,0.825187969924812,0.5652173913043478,0.32338308457711445,0.41139240506329117,0.8286723969953246,0.7881214472763624,40,4.396,"{'criterion': 'entropy', 'max_depth': 3, 'min_samples_leaf': 6}",42
clasificacion,Regresión Logística (L1/L2),class_weight,Genético,4,0.743421052631579,0.4077922077922078,0.7772277227722773,0.534923339011925,0.8373630286462521,0.8263354463294622,40,6.64,"{'C': 0.499359, 'penalty': 'l1'}",46
clasificacion,Decision Tree,sin_balanceo,Random Search,1,0.8110902255639098,0.5042735042735043,0.29207920792079206,0.36990595611285265,0.8066406698674508,0.8089425205315299,40,4.717,"{'criterion': 'gini', 'max_depth': 7, 'min_samples_leaf': 50}",43
clasificacion,Decision Tree,sin_balanceo,Random Search,2,0.8214285714285714,0.546875,0.3465346534653465,0.42424242424242425,0.8079472100342286,0.8001865863312694,40,4.26,"{'criterion': 'gini', 'max_depth': 20, 'min_samples_leaf': 54}",44
clasificacion,Decision Tree,sin_balanceo,Random Search,3,0.8148496240601504,0.5238095238095238,0.2722772277227723,0.3583061889250814,0.7818996806873263,0.808609082774559,40,4.576,"{'criterion': 'entropy', 'max_depth': 11, 'min_samples_leaf': 56}",45
clasificacion,Decision Tree,sin_balanceo,Random Search,4,0.8289473684210527,0.5961538461538461,0.3069306930693069,0.40522875816993464,0.8358727114010704,0.8006870761189236,40,4.518,"{'criterion': 'gini', 'max_depth': 11, 'min_samples_leaf': 46}",46
clasificacion,Decision Tree,sin_balanceo,Bayesiano,0,0.8280075187969925,0.5633802816901409,0.39800995024875624,0.46647230320699706,0.8194341156327286,0.7926049281763996,40,4.576,"{'max_depth': 9, 'min_samples_leaf': 51, 'criterion': 'gini'}",42
clasificacion,Decision Tree,sin_balanceo,Bayesiano,1,0.8167293233082706,0.528,0.32673267326732675,0.4036697247706422,0.8075451976752199,0.8085194674122524,40,4.872,"{'max_depth': 14, 'min_samples_leaf': 60, 'criterion': 'entropy'}",43
clasificacion,Decision Tree,sin_balanceo,Bayesiano,2,0.825187969924812,0.5727272727272728,0.3118811881188119,0.40384615384615385,0.7927310422457559,0.8035441284117212,40,4.858,"{'max_depth': 19, 'min_samples_leaf': 57, 'criterion': 'entropy'}",44
clasificacion,Decision Tree,sin_balanceo,Genético,0,0.8270676691729323,0.562962962962963,0.3781094527363184,0.4523809523809524,0.8361293186443219,0.7924661328739547,40,4.467,"{'max_depth': 5, 'min_samples_leaf': 33, 'criterion': 'gini'}",42
clasificacion,Decision Tree,sin_balanceo,Bayesiano,4,0.8280075187969925,0.5904761904761905,0.3069306930693069,0.40390879478827363,0.8341555443247342,0.8017194700005706,40,4.824,"{'max_depth': 11, 'min_samples_leaf': 59, 'criterion': 'gini'}",46
clasificacion,Decision Tree,sin_balanceo,Bayesiano,3,0.8101503759398496,0.5,0.3069306930693069,0.3803680981595092,0.7747869334497255,0.8076414470218375,40,4.966,"{'max_depth': 17, 'min_samples_leaf': 46, 'criterion': 'gini'}",45
clasificacion,Decision Tree,sin_balanceo,Genético,2,0.8214285714285714,0.5576923076923077,0.2871287128712871,0.3790849673202614,0.7965874893753877,0.803954867325478,40,4.028,"{'max_depth': 7, 'min_samples_leaf': 60, 'criterion': 'entropy'}",44
clasificacion,Decision Tree,sin_balanceo,Genético,1,0.8167293233082706,0.528,0.32673267326732675,0.4036697247706422,0.8075451976752199,0.8085194674122524,40,4.402,"{'max_depth': 17, 'min_samples_leaf': 60, 'criterion': 'entropy'}",43
clasificacion,Decision Tree,sin_balanceo,Genético,3,0.8176691729323309,0.5350877192982456,0.30198019801980197,0.3860759493670886,0.7807137442282512,0.8083030516506883,40,4.206,"{'max_depth': 15, 'min_samples_leaf': 60, 'criterion': 'gini'}",45
clasificacion,Decision Tree,sin_balanceo,Genético,4,0.8280075187969925,0.5904761904761905,0.3069306930693069,0.40390879478827363,0.8324958075853989,0.8053770666279544,40,4.606,"{'max_depth': 7, 'min_samples_leaf': 60, 'criterion': 'gini'}",46
clasificacion,Decision Tree,class_weight,Random Search,0,0.7218045112781954,0.3917995444191344,0.8557213930348259,0.5375,0.8286003355182373,0.7898956979286558,40,4.538,"{'criterion': 'entropy', 'max_depth': 4, 'min_samples_leaf': 34}",42
clasificacion,Decision Tree,class_weight,Random Search,1,0.7077067669172933,0.37471264367816093,0.806930693069307,0.5117739403453689,0.8101898646941261,0.8081845741951513,40,4.475,"{'criterion': 'gini', 'max_depth': 11, 'min_samples_leaf': 53}",43
clasificacion,Decision Tree,class_weight,Random Search,2,0.7048872180451128,0.37155963302752293,0.801980198019802,0.5078369905956113,0.8164066986745079,0.7974049014589252,40,4.446,"{'criterion': 'entropy', 'max_depth': 5, 'min_samples_leaf': 43}",44
clasificacion,Decision Tree,class_weight,Random Search,3,0.7011278195488722,0.36818181818181817,0.801980198019802,0.5046728971962616,0.7971761503296502,0.8059718612291914,40,5.232,"{'criterion': 'entropy', 'max_depth': 7, 'min_samples_leaf': 55}",45
clasificacion,Decision Tree,class_weight,Random Search,4,0.7086466165413534,0.3622448979591837,0.7029702970297029,0.4781144781144781,0.8016241299303943,0.7980128702250511,40,4.702,"{'criterion': 'gini', 'max_depth': 11, 'min_samples_leaf': 46}",46
clasificacion,Decision Tree,class_weight,Bayesiano,0,0.7330827067669173,0.39753086419753086,0.8009950248756219,0.5313531353135313,0.8294016591434484,0.7969226896719118,40,4.711,"{'max_depth': 6, 'min_samples_leaf': 55, 'criterion': 'entropy'}",42
clasificacion,Decision Tree,class_weight,Bayesiano,1,0.7368421052631579,0.3973684210526316,0.7475247524752475,0.5189003436426117,0.8022960648733087,0.8109886705276687,40,4.81,"{'max_depth': 15, 'min_samples_leaf': 55, 'criterion': 'entropy'}",43
clasificacion,Decision Tree,class_weight,Bayesiano,3,0.6785714285714286,0.3471615720524017,0.7871287128712872,0.4818181818181818,0.7779829317038433,0.8087541758318689,40,4.941,"{'max_depth': 7, 'min_samples_leaf': 45, 'criterion': 'entropy'}",45
clasificacion,Decision Tree,class_weight,Bayesiano,4,0.6898496240601504,0.3638297872340426,0.8465346534653465,0.5089285714285714,0.8079988973375296,0.7995196939369911,40,4.818,"{'max_depth': 5, 'min_samples_leaf': 37, 'criterion': 'gini'}",46
clasificacion,Decision Tree,class_weight,Bayesiano,2,0.7086466165413534,0.365,0.7227722772277227,0.4850498338870432,0.7876944016907492,0.8036800390348405,40,5.251,"{'max_depth': 8, 'min_samples_leaf': 60, 'criterion': 'entropy'}",44
clasificacion,Decision Tree,class_weight,Genético,0,0.7274436090225563,0.3957845433255269,0.8407960199004975,0.5382165605095541,0.8367807543971914,0.7978558819488458,40,4.876,"{'max_depth': 5, 'min_samples_leaf': 60, 'criterion': 'entropy'}",42
clasificacion,Decision Tree,class_weight,Genético,2,0.7114661654135338,0.36503856041131105,0.7029702970297029,0.4805414551607445,0.7871918862419884,0.8036800390348405,40,4.307,"{'max_depth': 12, 'min_samples_leaf': 60, 'criterion': 'entropy'}",44
clasificacion,Decision Tree,class_weight,Genético,1,0.706766917293233,0.37209302325581395,0.7920792079207921,0.5063291139240507,0.8061467689692403,0.8107573367686695,40,5.01,"{'max_depth': 20, 'min_samples_leaf': 60, 'criterion': 'gini'}",43
clasificacion,Decision Tree,class_weight,Genético,3,0.7039473684210527,0.35324675324675325,0.6732673267326733,0.46337308347529815,0.7684983115480921,0.8037874992573825,40,5.21,"{'max_depth': 7, 'min_samples_leaf': 33, 'criterion': 'entropy'}",45
clasificacion,Decision Tree,class_weight,Genético,4,0.6879699248120301,0.3611111111111111,0.8366336633663366,0.5044776119402985,0.8053197721164227,0.7996440091755882,40,4.996,"{'max_depth': 5, 'min_samples_leaf': 33, 'criterion': 'gini'}",46
